"","Año","Región","Subtipo.de.delito","ene","feb","mar","abr","may","jun","jul","ago","sep","oct","nov","dic","Total"
"1",2015,"Región Altos Norte","Abuso sexual",4,6,4,8,2,3,7,2,2,3,2,1,44
"2",2015,"Región Altos Norte","Acoso sexual",2,1,3,0,0,1,0,3,1,0,0,0,11
"3",2015,"Región Altos Norte","Feminicidio",0,1,0,0,0,0,0,1,0,0,0,0,2
"4",2015,"Región Altos Norte","Hostigamiento sexual",0,0,0,1,1,0,0,0,0,0,0,0,2
"5",2015,"Región Altos Norte","Violación equiparada",0,0,0,1,0,0,0,0,0,0,0,0,1
"6",2015,"Región Altos Norte","Violación simple",0,1,1,1,0,1,0,1,2,1,0,2,10
"7",2015,"Región Altos Norte","Violencia de género en todas sus modalidades distinta a la violencia familiar",0,0,0,0,0,0,0,0,0,0,0,0,0
"8",2015,"Región Altos Norte","Violencia familiar",3,2,5,7,6,7,13,7,9,25,19,18,121
"9",2015,"Región Altos Sur","Abuso sexual",6,3,5,7,7,4,3,3,7,4,12,4,65
"10",2015,"Región Altos Sur","Acoso sexual",0,1,1,0,0,0,0,0,0,0,0,0,2
"11",2015,"Región Altos Sur","Feminicidio",0,0,0,0,0,0,0,1,1,0,0,0,2
"12",2015,"Región Altos Sur","Hostigamiento sexual",0,0,0,0,0,0,0,0,0,0,0,0,0
"13",2015,"Región Altos Sur","Violación equiparada",0,0,0,0,0,0,0,0,0,0,0,0,0
"14",2015,"Región Altos Sur","Violación simple",0,1,2,0,0,2,2,3,1,0,1,0,12
"15",2015,"Región Altos Sur","Violencia de género en todas sus modalidades distinta a la violencia familiar",0,0,0,0,0,0,0,0,0,0,0,0,0
"16",2015,"Región Altos Sur","Violencia familiar",14,7,20,11,18,13,35,25,19,19,20,26,227
"17",2015,"Región Centro","Abuso sexual",61,64,79,69,59,71,71,88,78,126,140,115,1021
"18",2015,"Región Centro","Acoso sexual",9,5,2,4,4,4,1,3,13,23,17,6,91
"19",2015,"Región Centro","Feminicidio",3,3,5,1,0,3,4,3,2,5,4,5,38
"20",2015,"Región Centro","Hostigamiento sexual",0,1,1,0,0,3,2,1,1,5,5,0,19
"21",2015,"Región Centro","Violación equiparada",0,0,0,0,0,0,0,0,0,4,1,0,5
"22",2015,"Región Centro","Violación simple",24,16,17,23,26,21,23,22,22,24,17,17,252
"23",2015,"Región Centro","Violencia de género en todas sus modalidades distinta a la violencia familiar",0,0,0,0,0,0,0,0,0,0,0,0,0
"24",2015,"Región Centro","Violencia familiar",246,294,347,330,362,469,446,446,787,1181,1113,1008,7029
"25",2015,"Región Ciénega","Abuso sexual",6,1,2,9,2,6,3,2,5,3,2,5,46
"26",2015,"Región Ciénega","Acoso sexual",0,0,0,0,0,0,1,0,0,0,0,1,2
"27",2015,"Región Ciénega","Feminicidio",1,0,0,0,1,0,0,0,0,0,1,0,3
"28",2015,"Región Ciénega","Hostigamiento sexual",0,0,0,0,0,0,0,0,1,0,0,0,1
"29",2015,"Región Ciénega","Violación equiparada",0,0,0,0,0,0,0,0,0,0,0,0,0
"30",2015,"Región Ciénega","Violación simple",2,1,0,0,1,0,0,1,2,0,1,0,8
"31",2015,"Región Ciénega","Violencia de género en todas sus modalidades distinta a la violencia familiar",0,0,0,0,0,0,0,0,0,0,0,0,0
"32",2015,"Región Ciénega","Violencia familiar",11,2,8,8,3,7,10,8,1,6,4,6,74
"33",2015,"Región Costa-Sierra Occidental","Abuso sexual",11,7,15,8,12,11,8,8,10,11,4,10,115
"34",2015,"Región Costa-Sierra Occidental","Acoso sexual",1,1,0,0,1,0,1,0,0,1,1,2,8
"35",2015,"Región Costa-Sierra Occidental","Feminicidio",0,0,1,0,0,0,0,0,0,0,0,0,1
"36",2015,"Región Costa-Sierra Occidental","Hostigamiento sexual",0,0,0,0,0,0,0,0,0,0,0,0,0
"37",2015,"Región Costa-Sierra Occidental","Violación equiparada",0,0,0,0,0,0,0,0,0,0,0,0,0
"38",2015,"Región Costa-Sierra Occidental","Violación simple",0,2,0,4,3,1,5,3,4,2,3,1,28
"39",2015,"Región Costa-Sierra Occidental","Violencia de género en todas sus modalidades distinta a la violencia familiar",0,0,0,0,0,0,0,0,0,0,0,0,0
"40",2015,"Región Costa-Sierra Occidental","Violencia familiar",20,20,20,21,17,17,29,26,30,37,34,32,303
"41",2015,"Región Costa Sur","Abuso sexual",2,5,0,4,3,5,2,7,5,5,2,3,43
"42",2015,"Región Costa Sur","Acoso sexual",0,0,0,0,0,1,0,0,0,0,0,0,1
"43",2015,"Región Costa Sur","Feminicidio",0,0,0,0,0,0,0,0,0,0,0,0,0
"44",2015,"Región Costa Sur","Hostigamiento sexual",0,0,0,0,0,0,0,0,0,0,0,0,0
"45",2015,"Región Costa Sur","Violación equiparada",0,0,0,0,0,0,0,0,0,0,0,0,0
"46",2015,"Región Costa Sur","Violación simple",0,0,1,1,0,0,0,1,0,0,1,0,4
"47",2015,"Región Costa Sur","Violencia de género en todas sus modalidades distinta a la violencia familiar",0,0,0,0,0,0,0,0,0,0,0,0,0
"48",2015,"Región Costa Sur","Violencia familiar",3,4,4,6,9,13,2,4,2,10,5,8,70
"49",2015,"Región Lagunas","Abuso sexual",3,0,1,1,2,5,2,6,1,4,2,0,27
"50",2015,"Región Lagunas","Acoso sexual",0,0,0,0,0,0,0,0,0,0,0,0,0
"51",2015,"Región Lagunas","Feminicidio",0,0,0,0,1,0,0,0,1,1,1,0,4
"52",2015,"Región Lagunas","Hostigamiento sexual",0,0,0,0,0,0,0,0,0,0,0,0,0
"53",2015,"Región Lagunas","Violación equiparada",0,0,0,0,0,0,0,0,0,0,0,0,0
"54",2015,"Región Lagunas","Violación simple",1,0,0,3,0,0,0,1,1,0,0,1,7
"55",2015,"Región Lagunas","Violencia de género en todas sus modalidades distinta a la violencia familiar",0,0,0,0,0,0,0,0,0,0,0,0,0
"56",2015,"Región Lagunas","Violencia familiar",6,6,2,7,7,4,9,9,7,5,5,7,74
"57",2015,"Región Norte","Abuso sexual",2,0,1,0,0,0,1,0,0,1,2,1,8
"58",2015,"Región Norte","Acoso sexual",0,0,0,0,0,0,0,0,0,0,0,0,0
"59",2015,"Región Norte","Feminicidio",0,0,1,0,0,0,0,0,0,1,0,0,2
"60",2015,"Región Norte","Hostigamiento sexual",0,0,0,0,0,0,0,0,0,0,0,0,0
"61",2015,"Región Norte","Violación equiparada",0,0,0,0,0,0,0,0,0,0,0,0,0
"62",2015,"Región Norte","Violación simple",0,0,1,1,0,0,0,0,1,1,1,0,5
"63",2015,"Región Norte","Violencia de género en todas sus modalidades distinta a la violencia familiar",0,0,0,0,0,0,0,0,0,0,0,0,0
"64",2015,"Región Norte","Violencia familiar",0,1,0,1,1,3,2,2,6,0,3,1,20
"65",2015,"Región Sierra de Amula","Abuso sexual",6,4,1,1,1,3,2,1,1,3,1,3,27
"66",2015,"Región Sierra de Amula","Acoso sexual",0,0,1,1,0,1,0,1,0,0,0,0,4
"67",2015,"Región Sierra de Amula","Feminicidio",0,0,0,0,0,0,1,0,0,0,0,0,1
"68",2015,"Región Sierra de Amula","Hostigamiento sexual",0,0,0,0,0,0,0,0,0,0,0,0,0
"69",2015,"Región Sierra de Amula","Violación equiparada",0,0,0,0,0,0,0,0,0,0,0,0,0
"70",2015,"Región Sierra de Amula","Violación simple",0,1,0,0,2,2,0,0,1,0,0,1,7
"71",2015,"Región Sierra de Amula","Violencia de género en todas sus modalidades distinta a la violencia familiar",0,0,0,0,0,0,0,0,0,0,0,0,0
"72",2015,"Región Sierra de Amula","Violencia familiar",8,9,14,11,7,12,16,12,7,11,6,12,125
"73",2015,"Región Sur","Abuso sexual",2,4,5,7,5,10,5,4,4,6,1,4,57
"74",2015,"Región Sur","Acoso sexual",1,0,0,0,0,0,0,0,0,2,1,0,4
"75",2015,"Región Sur","Feminicidio",0,0,1,0,0,0,0,0,0,1,0,0,2
"76",2015,"Región Sur","Hostigamiento sexual",0,0,0,0,0,0,0,0,0,0,0,0,0
"77",2015,"Región Sur","Violación equiparada",0,0,0,0,0,0,0,0,0,0,0,0,0
"78",2015,"Región Sur","Violación simple",1,1,0,1,1,0,0,1,0,1,1,3,10
"79",2015,"Región Sur","Violencia de género en todas sus modalidades distinta a la violencia familiar",0,0,0,0,0,0,0,0,0,0,0,0,0
"80",2015,"Región Sur","Violencia familiar",20,5,15,13,12,22,12,8,3,2,10,7,129
"81",2015,"Región Sureste","Abuso sexual",0,1,3,0,5,4,3,1,3,4,3,0,27
"82",2015,"Región Sureste","Acoso sexual",0,0,0,0,0,0,0,0,0,0,0,0,0
"83",2015,"Región Sureste","Feminicidio",0,0,0,1,0,2,0,0,0,0,0,0,3
"84",2015,"Región Sureste","Hostigamiento sexual",0,0,0,0,0,1,0,0,0,0,0,0,1
"85",2015,"Región Sureste","Violación equiparada",0,0,0,0,0,0,0,0,0,0,0,0,0
"86",2015,"Región Sureste","Violación simple",0,2,0,0,0,0,0,0,0,1,1,0,4
"87",2015,"Región Sureste","Violencia de género en todas sus modalidades distinta a la violencia familiar",0,0,0,0,0,0,0,0,0,0,0,0,0
"88",2015,"Región Sureste","Violencia familiar",2,0,4,1,5,4,1,2,2,4,7,1,33
"89",2015,"Región Valles","Abuso sexual",6,4,2,7,5,3,8,4,7,3,3,4,56
"90",2015,"Región Valles","Acoso sexual",1,0,0,1,0,0,0,0,0,0,1,0,3
"91",2015,"Región Valles","Feminicidio",0,1,0,0,0,0,0,0,2,0,1,0,4
"92",2015,"Región Valles","Hostigamiento sexual",0,0,0,0,0,0,0,0,0,0,0,0,0
"93",2015,"Región Valles","Violación equiparada",0,0,0,0,0,0,0,0,0,0,0,0,0
"94",2015,"Región Valles","Violación simple",1,1,1,0,1,0,1,1,2,0,0,2,10
"95",2015,"Región Valles","Violencia de género en todas sus modalidades distinta a la violencia familiar",0,0,0,0,0,0,0,0,0,0,0,0,0
"96",2015,"Región Valles","Violencia familiar",11,7,10,13,13,14,16,14,16,31,20,12,177
"97",2015,NA,"Abuso sexual",3,2,7,1,2,0,0,1,2,7,6,5,36
"98",2015,NA,"Acoso sexual",0,0,0,0,0,0,0,0,3,0,1,0,4
"99",2015,NA,"Feminicidio",0,0,0,0,0,0,0,0,0,0,0,0,0
"100",2015,NA,"Hostigamiento sexual",0,0,0,0,0,0,0,0,1,0,0,0,1
"101",2015,NA,"Violación equiparada",0,0,0,0,0,0,0,0,0,0,0,0,0
"102",2015,NA,"Violación simple",1,1,0,0,1,0,0,0,1,1,2,3,10
"103",2015,NA,"Violencia de género en todas sus modalidades distinta a la violencia familiar",0,0,0,0,0,0,0,0,0,0,0,0,0
"104",2015,NA,"Violencia familiar",1,5,0,2,2,0,4,11,32,30,51,23,161
"105",2016,"Región Altos Norte","Abuso sexual",3,2,1,5,9,8,2,5,9,3,6,2,55
"106",2016,"Región Altos Norte","Acoso sexual",0,2,0,1,2,0,0,0,0,0,0,0,5
"107",2016,"Región Altos Norte","Feminicidio",0,0,0,0,0,0,0,1,0,2,0,0,3
"108",2016,"Región Altos Norte","Hostigamiento sexual",0,0,0,0,1,0,0,0,0,0,0,0,1
"109",2016,"Región Altos Norte","Violación equiparada",0,0,0,0,0,0,0,0,0,0,0,0,0
"110",2016,"Región Altos Norte","Violación simple",1,1,0,2,1,0,0,0,1,1,2,1,10
"111",2016,"Región Altos Norte","Violencia de género en todas sus modalidades distinta a la violencia familiar",0,0,0,0,0,0,0,0,0,0,0,0,0
"112",2016,"Región Altos Norte","Violencia familiar",26,16,16,15,29,24,20,45,38,22,23,20,294
"113",2016,"Región Altos Sur","Abuso sexual",3,3,2,8,9,4,6,5,6,7,8,7,68
"114",2016,"Región Altos Sur","Acoso sexual",0,0,0,0,0,0,0,1,0,0,0,0,1
"115",2016,"Región Altos Sur","Feminicidio",0,0,0,0,1,0,0,1,0,0,0,0,2
"116",2016,"Región Altos Sur","Hostigamiento sexual",0,0,0,0,0,0,0,0,0,0,0,0,0
"117",2016,"Región Altos Sur","Violación equiparada",0,0,0,0,0,0,0,0,0,0,0,0,0
"118",2016,"Región Altos Sur","Violación simple",0,0,1,1,0,1,0,1,1,1,0,0,6
"119",2016,"Región Altos Sur","Violencia de género en todas sus modalidades distinta a la violencia familiar",0,0,0,0,0,0,0,0,0,0,0,0,0
"120",2016,"Región Altos Sur","Violencia familiar",18,12,15,18,21,31,29,32,21,17,18,15,247
"121",2016,"Región Centro","Abuso sexual",104,103,124,150,150,140,98,117,130,186,123,194,1619
"122",2016,"Región Centro","Acoso sexual",28,17,19,19,17,2,1,0,5,26,4,11,149
"123",2016,"Región Centro","Feminicidio",2,3,4,5,1,1,0,1,2,0,1,1,21
"124",2016,"Región Centro","Hostigamiento sexual",1,0,0,0,0,19,14,16,12,19,7,10,98
"125",2016,"Región Centro","Violación equiparada",0,0,1,0,0,0,2,0,0,0,0,0,3
"126",2016,"Región Centro","Violación simple",16,23,30,33,34,20,26,14,23,25,24,36,304
"127",2016,"Región Centro","Violencia de género en todas sus modalidades distinta a la violencia familiar",0,0,0,0,0,0,0,0,0,0,0,0,0
"128",2016,"Región Centro","Violencia familiar",808,805,857,1140,1168,604,496,487,422,360,594,840,8581
"129",2016,"Región Ciénega","Abuso sexual",6,2,5,4,7,5,4,6,8,5,1,6,59
"130",2016,"Región Ciénega","Acoso sexual",2,0,0,0,0,0,0,1,0,0,1,0,4
"131",2016,"Región Ciénega","Feminicidio",0,0,1,0,0,0,1,0,2,0,0,2,6
"132",2016,"Región Ciénega","Hostigamiento sexual",0,0,1,0,1,2,0,0,0,0,0,0,4
"133",2016,"Región Ciénega","Violación equiparada",0,0,0,0,0,0,0,0,0,0,0,0,0
"134",2016,"Región Ciénega","Violación simple",1,0,0,0,1,0,1,0,0,1,0,4,8
"135",2016,"Región Ciénega","Violencia de género en todas sus modalidades distinta a la violencia familiar",0,0,0,0,0,0,0,0,0,0,0,0,0
"136",2016,"Región Ciénega","Violencia familiar",6,12,7,10,12,9,13,7,13,17,16,12,134
"137",2016,"Región Costa-Sierra Occidental","Abuso sexual",8,10,9,11,9,7,6,6,8,7,7,8,96
"138",2016,"Región Costa-Sierra Occidental","Acoso sexual",0,2,3,1,0,0,1,4,1,2,1,0,15
"139",2016,"Región Costa-Sierra Occidental","Feminicidio",0,0,0,0,0,0,0,0,0,0,0,0,0
"140",2016,"Región Costa-Sierra Occidental","Hostigamiento sexual",0,0,0,0,0,0,0,0,0,0,0,0,0
"141",2016,"Región Costa-Sierra Occidental","Violación equiparada",0,0,0,0,0,0,0,0,0,0,0,0,0
"142",2016,"Región Costa-Sierra Occidental","Violación simple",3,2,2,3,13,5,4,0,1,0,1,2,36
"143",2016,"Región Costa-Sierra Occidental","Violencia de género en todas sus modalidades distinta a la violencia familiar",0,0,0,0,0,0,0,0,0,0,0,0,0
"144",2016,"Región Costa-Sierra Occidental","Violencia familiar",30,17,36,34,46,43,36,40,32,31,30,28,403
"145",2016,"Región Costa Sur","Abuso sexual",4,2,4,6,3,4,2,2,3,4,6,5,45
"146",2016,"Región Costa Sur","Acoso sexual",0,0,1,0,0,0,0,0,0,0,0,0,1
"147",2016,"Región Costa Sur","Feminicidio",0,0,0,0,1,0,1,0,0,0,0,0,2
"148",2016,"Región Costa Sur","Hostigamiento sexual",0,0,0,0,0,0,0,0,0,0,0,0,0
"149",2016,"Región Costa Sur","Violación equiparada",0,0,0,0,0,0,0,0,0,0,0,0,0
"150",2016,"Región Costa Sur","Violación simple",0,0,0,0,0,1,0,0,1,0,0,0,2
"151",2016,"Región Costa Sur","Violencia de género en todas sus modalidades distinta a la violencia familiar",0,0,0,0,0,0,0,0,0,0,0,0,0
"152",2016,"Región Costa Sur","Violencia familiar",5,4,5,2,8,8,10,10,11,7,3,4,77
"153",2016,"Región Lagunas","Abuso sexual",6,1,1,3,2,7,3,3,2,4,3,5,40
"154",2016,"Región Lagunas","Acoso sexual",0,0,0,0,0,0,0,0,0,0,0,0,0
"155",2016,"Región Lagunas","Feminicidio",0,1,0,0,0,1,0,0,0,0,0,1,3
"156",2016,"Región Lagunas","Hostigamiento sexual",0,0,0,0,0,0,0,0,0,0,0,1,1
"157",2016,"Región Lagunas","Violación equiparada",0,0,0,0,0,0,0,0,0,0,0,0,0
"158",2016,"Región Lagunas","Violación simple",1,0,0,1,1,1,1,1,0,0,0,1,7
"159",2016,"Región Lagunas","Violencia de género en todas sus modalidades distinta a la violencia familiar",0,0,0,0,0,0,0,0,0,0,0,0,0
"160",2016,"Región Lagunas","Violencia familiar",7,5,4,8,19,11,11,10,8,14,12,6,115
"161",2016,"Región Norte","Abuso sexual",0,3,0,1,5,1,1,4,0,1,2,1,19
"162",2016,"Región Norte","Acoso sexual",0,0,0,0,0,0,0,0,0,0,0,0,0
"163",2016,"Región Norte","Feminicidio",0,0,0,0,0,0,0,0,0,0,1,0,1
"164",2016,"Región Norte","Hostigamiento sexual",0,0,0,0,0,0,0,0,0,0,0,0,0
"165",2016,"Región Norte","Violación equiparada",0,0,0,0,0,0,0,0,0,0,0,0,0
"166",2016,"Región Norte","Violación simple",0,1,0,0,0,3,0,1,0,0,0,0,5
"167",2016,"Región Norte","Violencia de género en todas sus modalidades distinta a la violencia familiar",0,0,0,0,0,0,0,0,0,0,0,0,0
"168",2016,"Región Norte","Violencia familiar",3,1,2,1,2,3,6,4,6,3,3,1,35
"169",2016,"Región Sierra de Amula","Abuso sexual",0,2,4,2,9,6,2,6,2,9,1,3,46
"170",2016,"Región Sierra de Amula","Acoso sexual",0,0,0,0,1,1,0,0,0,0,1,2,5
"171",2016,"Región Sierra de Amula","Feminicidio",0,1,0,0,0,0,0,0,0,0,0,0,1
"172",2016,"Región Sierra de Amula","Hostigamiento sexual",0,0,0,0,0,0,0,0,0,0,0,0,0
"173",2016,"Región Sierra de Amula","Violación equiparada",0,1,0,0,0,0,0,0,0,0,0,0,1
"174",2016,"Región Sierra de Amula","Violación simple",1,1,1,1,2,0,0,1,2,0,0,1,10
"175",2016,"Región Sierra de Amula","Violencia de género en todas sus modalidades distinta a la violencia familiar",0,0,0,0,0,0,0,0,0,0,0,0,0
"176",2016,"Región Sierra de Amula","Violencia familiar",13,9,13,19,14,13,16,14,10,13,26,13,173
"177",2016,"Región Sur","Abuso sexual",1,4,6,6,4,4,6,6,4,7,5,2,55
"178",2016,"Región Sur","Acoso sexual",0,0,0,0,0,0,0,0,0,1,0,0,1
"179",2016,"Región Sur","Feminicidio",0,0,0,0,0,0,0,0,0,0,0,1,1
"180",2016,"Región Sur","Hostigamiento sexual",0,0,0,0,0,0,0,0,0,1,0,0,1
"181",2016,"Región Sur","Violación equiparada",0,0,0,0,0,0,0,0,0,0,0,0,0
"182",2016,"Región Sur","Violación simple",2,2,0,0,0,1,0,2,1,2,2,1,13
"183",2016,"Región Sur","Violencia de género en todas sus modalidades distinta a la violencia familiar",0,0,0,0,0,0,0,0,0,0,0,0,0
"184",2016,"Región Sur","Violencia familiar",12,10,10,16,27,17,15,9,12,15,9,17,169
"185",2016,"Región Sureste","Abuso sexual",4,3,1,3,4,3,2,2,3,1,2,3,31
"186",2016,"Región Sureste","Acoso sexual",0,0,0,0,1,0,0,0,0,0,0,1,2
"187",2016,"Región Sureste","Feminicidio",0,0,0,0,0,0,2,0,1,1,0,0,4
"188",2016,"Región Sureste","Hostigamiento sexual",0,0,0,0,0,0,0,0,1,0,0,0,1
"189",2016,"Región Sureste","Violación equiparada",0,0,0,0,0,0,0,0,0,0,0,0,0
"190",2016,"Región Sureste","Violación simple",2,0,1,2,1,4,1,0,2,0,2,0,15
"191",2016,"Región Sureste","Violencia de género en todas sus modalidades distinta a la violencia familiar",0,0,0,0,0,0,0,0,0,0,0,0,0
"192",2016,"Región Sureste","Violencia familiar",0,3,4,1,3,1,7,3,14,7,5,7,55
"193",2016,"Región Valles","Abuso sexual",1,1,3,9,5,5,2,10,5,7,4,11,63
"194",2016,"Región Valles","Acoso sexual",0,0,1,2,1,0,0,0,0,0,0,0,4
"195",2016,"Región Valles","Feminicidio",0,2,1,1,0,0,0,0,0,0,0,0,4
"196",2016,"Región Valles","Hostigamiento sexual",0,0,0,0,0,0,0,0,0,0,0,0,0
"197",2016,"Región Valles","Violación equiparada",0,0,0,0,0,0,0,0,0,0,0,0,0
"198",2016,"Región Valles","Violación simple",1,0,1,1,2,2,0,2,1,0,3,2,15
"199",2016,"Región Valles","Violencia de género en todas sus modalidades distinta a la violencia familiar",0,0,0,0,0,0,0,0,0,0,0,0,0
"200",2016,"Región Valles","Violencia familiar",17,28,32,25,20,24,16,15,30,20,21,14,262
"201",2016,NA,"Abuso sexual",7,4,8,30,10,14,12,7,12,31,4,10,149
"202",2016,NA,"Acoso sexual",0,0,0,3,1,2,0,0,2,4,0,0,12
"203",2016,NA,"Feminicidio",0,0,0,0,0,0,0,0,0,0,0,0,0
"204",2016,NA,"Hostigamiento sexual",0,0,0,0,0,1,3,3,4,0,1,1,13
"205",2016,NA,"Violación equiparada",0,0,0,0,0,0,0,0,0,0,0,0,0
"206",2016,NA,"Violación simple",0,0,0,1,1,6,5,12,13,8,7,4,57
"207",2016,NA,"Violencia de género en todas sus modalidades distinta a la violencia familiar",0,0,0,0,0,0,0,0,0,0,0,0,0
"208",2016,NA,"Violencia familiar",3,13,15,23,18,148,70,224,184,76,68,44,886
"209",2017,"Región Altos Norte","Abuso sexual",5,0,6,3,7,4,7,9,6,6,4,3,60
"210",2017,"Región Altos Norte","Acoso sexual",0,0,0,0,0,1,0,0,0,0,0,0,1
"211",2017,"Región Altos Norte","Feminicidio",0,0,0,0,0,0,0,0,0,0,1,0,1
"212",2017,"Región Altos Norte","Hostigamiento sexual",0,0,0,0,0,0,0,0,0,0,0,0,0
"213",2017,"Región Altos Norte","Violación equiparada",0,0,0,0,0,0,0,0,0,0,0,0,0
"214",2017,"Región Altos Norte","Violación simple",0,0,0,0,1,1,0,1,1,1,1,0,6
"215",2017,"Región Altos Norte","Violencia de género en todas sus modalidades distinta a la violencia familiar",0,0,0,0,0,0,0,0,0,0,0,0,0
"216",2017,"Región Altos Norte","Violencia familiar",28,14,22,25,23,21,13,18,17,12,12,17,222
"217",2017,"Región Altos Sur","Abuso sexual",6,2,3,5,8,9,10,6,5,7,4,8,73
"218",2017,"Región Altos Sur","Acoso sexual",0,0,0,0,0,0,1,0,1,0,1,0,3
"219",2017,"Región Altos Sur","Feminicidio",0,0,0,1,1,0,0,0,0,0,0,0,2
"220",2017,"Región Altos Sur","Hostigamiento sexual",0,0,0,0,1,0,0,0,0,0,0,0,1
"221",2017,"Región Altos Sur","Violación equiparada",0,0,0,0,0,0,0,0,0,0,0,0,0
"222",2017,"Región Altos Sur","Violación simple",2,2,0,0,3,0,1,2,0,0,0,0,10
"223",2017,"Región Altos Sur","Violencia de género en todas sus modalidades distinta a la violencia familiar",0,0,0,0,0,0,0,0,0,0,0,0,0
"224",2017,"Región Altos Sur","Violencia familiar",14,15,13,17,20,21,7,19,17,10,14,17,184
"225",2017,"Región Centro","Abuso sexual",103,140,141,152,160,136,150,118,147,121,117,90,1575
"226",2017,"Región Centro","Acoso sexual",3,1,0,12,12,13,12,12,16,10,12,10,113
"227",2017,"Región Centro","Feminicidio",1,0,1,0,1,0,3,1,1,3,0,3,14
"228",2017,"Región Centro","Hostigamiento sexual",18,21,20,5,4,10,3,1,3,8,4,2,99
"229",2017,"Región Centro","Violación equiparada",0,0,0,0,0,0,0,0,0,0,0,0,0
"230",2017,"Región Centro","Violación simple",30,21,53,30,29,34,31,37,23,27,21,26,362
"231",2017,"Región Centro","Violencia de género en todas sus modalidades distinta a la violencia familiar",0,0,0,0,0,0,0,0,0,0,0,0,0
"232",2017,"Región Centro","Violencia familiar",560,481,640,489,692,635,658,773,665,670,639,470,7372
"233",2017,"Región Ciénega","Abuso sexual",5,6,5,3,7,7,2,9,2,7,8,1,62
"234",2017,"Región Ciénega","Acoso sexual",0,0,0,0,0,0,0,0,0,0,0,1,1
"235",2017,"Región Ciénega","Feminicidio",0,0,0,1,1,0,0,0,0,0,0,0,2
"236",2017,"Región Ciénega","Hostigamiento sexual",0,0,0,0,0,0,0,0,0,0,0,0,0
"237",2017,"Región Ciénega","Violación equiparada",0,0,0,0,0,0,0,0,0,0,0,0,0
"238",2017,"Región Ciénega","Violación simple",1,0,1,1,1,1,0,1,0,2,0,0,8
"239",2017,"Región Ciénega","Violencia de género en todas sus modalidades distinta a la violencia familiar",0,0,0,0,0,0,0,0,0,0,0,0,0
"240",2017,"Región Ciénega","Violencia familiar",9,7,11,8,4,9,12,6,16,6,6,12,106
"241",2017,"Región Costa-Sierra Occidental","Abuso sexual",5,4,7,13,12,10,13,10,16,10,22,6,128
"242",2017,"Región Costa-Sierra Occidental","Acoso sexual",1,0,2,0,2,1,1,0,2,0,1,0,10
"243",2017,"Región Costa-Sierra Occidental","Feminicidio",0,0,0,0,0,0,0,0,0,0,0,0,0
"244",2017,"Región Costa-Sierra Occidental","Hostigamiento sexual",0,0,0,0,0,0,0,0,0,0,0,1,1
"245",2017,"Región Costa-Sierra Occidental","Violación equiparada",0,0,0,0,0,0,0,0,0,0,0,0,0
"246",2017,"Región Costa-Sierra Occidental","Violación simple",0,1,1,3,0,3,1,2,2,1,2,1,17
"247",2017,"Región Costa-Sierra Occidental","Violencia de género en todas sus modalidades distinta a la violencia familiar",0,0,0,0,0,0,0,0,0,0,0,0,0
"248",2017,"Región Costa-Sierra Occidental","Violencia familiar",44,34,28,21,45,38,42,26,32,37,36,38,421
"249",2017,"Región Costa Sur","Abuso sexual",0,9,0,5,5,4,1,3,1,7,5,3,43
"250",2017,"Región Costa Sur","Acoso sexual",0,0,0,0,0,0,0,0,0,0,0,0,0
"251",2017,"Región Costa Sur","Feminicidio",0,0,0,1,0,0,0,0,1,0,0,0,2
"252",2017,"Región Costa Sur","Hostigamiento sexual",0,0,0,0,0,0,0,0,0,0,0,0,0
"253",2017,"Región Costa Sur","Violación equiparada",0,0,0,0,0,0,0,0,0,0,0,0,0
"254",2017,"Región Costa Sur","Violación simple",0,0,0,0,1,0,0,0,0,0,0,0,1
"255",2017,"Región Costa Sur","Violencia de género en todas sus modalidades distinta a la violencia familiar",0,0,0,0,0,0,0,0,0,0,0,0,0
"256",2017,"Región Costa Sur","Violencia familiar",5,7,9,6,4,4,7,5,7,2,6,7,69
"257",2017,"Región Lagunas","Abuso sexual",8,5,3,4,3,6,4,3,3,2,2,0,43
"258",2017,"Región Lagunas","Acoso sexual",0,0,0,0,0,0,1,1,0,0,0,1,3
"259",2017,"Región Lagunas","Feminicidio",0,0,0,0,0,0,0,0,0,0,0,1,1
"260",2017,"Región Lagunas","Hostigamiento sexual",0,0,0,1,0,0,0,0,0,0,0,0,1
"261",2017,"Región Lagunas","Violación equiparada",0,0,0,0,0,0,0,0,0,0,0,0,0
"262",2017,"Región Lagunas","Violación simple",0,0,0,0,0,3,1,0,0,0,0,1,5
"263",2017,"Región Lagunas","Violencia de género en todas sus modalidades distinta a la violencia familiar",0,0,0,0,0,0,0,0,0,0,0,0,0
"264",2017,"Región Lagunas","Violencia familiar",12,17,11,12,12,20,10,8,12,7,11,8,140
"265",2017,"Región Norte","Abuso sexual",2,2,2,2,2,1,3,4,1,1,3,1,24
"266",2017,"Región Norte","Acoso sexual",0,0,0,1,0,0,0,0,0,1,0,0,2
"267",2017,"Región Norte","Feminicidio",0,0,0,0,0,0,0,0,0,0,0,0,0
"268",2017,"Región Norte","Hostigamiento sexual",0,0,1,0,0,0,0,0,0,0,1,0,2
"269",2017,"Región Norte","Violación equiparada",0,0,0,0,0,0,0,0,0,0,0,0,0
"270",2017,"Región Norte","Violación simple",0,1,1,0,2,1,0,0,2,1,1,0,9
"271",2017,"Región Norte","Violencia de género en todas sus modalidades distinta a la violencia familiar",0,0,0,0,0,0,0,0,0,0,0,0,0
"272",2017,"Región Norte","Violencia familiar",4,1,7,2,2,7,3,5,4,4,5,2,46
"273",2017,"Región Sierra de Amula","Abuso sexual",3,3,3,8,3,6,5,1,8,5,4,2,51
"274",2017,"Región Sierra de Amula","Acoso sexual",2,0,2,2,0,1,1,0,0,0,1,1,10
"275",2017,"Región Sierra de Amula","Feminicidio",0,0,0,0,0,0,0,0,0,0,0,1,1
"276",2017,"Región Sierra de Amula","Hostigamiento sexual",0,0,0,0,0,0,0,0,0,0,0,0,0
"277",2017,"Región Sierra de Amula","Violación equiparada",0,0,0,0,0,0,0,0,0,0,0,0,0
"278",2017,"Región Sierra de Amula","Violación simple",2,0,1,0,0,0,0,2,0,0,0,2,7
"279",2017,"Región Sierra de Amula","Violencia de género en todas sus modalidades distinta a la violencia familiar",0,0,0,0,0,0,0,0,0,0,0,0,0
"280",2017,"Región Sierra de Amula","Violencia familiar",7,17,15,13,17,19,14,17,17,20,25,10,191
"281",2017,"Región Sur","Abuso sexual",2,6,10,11,4,6,0,8,4,6,4,1,62
"282",2017,"Región Sur","Acoso sexual",2,0,0,1,1,0,0,0,0,0,1,0,5
"283",2017,"Región Sur","Feminicidio",0,0,0,0,0,0,0,0,0,0,0,0,0
"284",2017,"Región Sur","Hostigamiento sexual",0,0,0,0,0,0,0,0,0,0,0,0,0
"285",2017,"Región Sur","Violación equiparada",0,0,0,0,0,0,0,0,0,0,0,0,0
"286",2017,"Región Sur","Violación simple",0,0,0,0,0,1,0,1,0,1,1,0,4
"287",2017,"Región Sur","Violencia de género en todas sus modalidades distinta a la violencia familiar",0,0,0,0,0,0,0,0,0,0,0,0,0
"288",2017,"Región Sur","Violencia familiar",8,12,15,7,10,11,17,12,9,13,22,0,136
"289",2017,"Región Sureste","Abuso sexual",4,2,4,4,9,6,5,3,7,4,0,3,51
"290",2017,"Región Sureste","Acoso sexual",0,1,0,0,0,0,0,0,0,0,1,1,3
"291",2017,"Región Sureste","Feminicidio",0,0,0,0,0,0,1,0,0,1,0,0,2
"292",2017,"Región Sureste","Hostigamiento sexual",0,0,0,0,0,0,0,0,0,0,0,0,0
"293",2017,"Región Sureste","Violación equiparada",0,0,0,0,0,0,0,0,0,0,0,0,0
"294",2017,"Región Sureste","Violación simple",0,0,2,0,0,0,0,0,1,1,0,0,4
"295",2017,"Región Sureste","Violencia de género en todas sus modalidades distinta a la violencia familiar",0,0,0,0,0,0,0,0,0,0,0,0,0
"296",2017,"Región Sureste","Violencia familiar",5,10,11,7,10,7,6,7,6,6,6,5,86
"297",2017,"Región Valles","Abuso sexual",9,2,4,6,7,0,11,9,5,6,3,6,68
"298",2017,"Región Valles","Acoso sexual",0,1,0,0,0,2,1,2,0,0,0,0,6
"299",2017,"Región Valles","Feminicidio",0,0,0,0,0,0,0,1,0,0,0,1,2
"300",2017,"Región Valles","Hostigamiento sexual",0,0,1,0,1,0,0,2,0,0,0,0,4
"301",2017,"Región Valles","Violación equiparada",0,0,0,0,0,0,0,0,0,0,0,0,0
"302",2017,"Región Valles","Violación simple",0,1,0,1,0,0,3,0,0,0,2,0,7
"303",2017,"Región Valles","Violencia de género en todas sus modalidades distinta a la violencia familiar",0,0,0,0,0,0,0,0,0,0,0,0,0
"304",2017,"Región Valles","Violencia familiar",34,21,25,18,18,27,28,28,27,29,32,15,302
"305",2017,NA,"Abuso sexual",4,2,5,7,7,7,12,12,8,5,9,3,81
"306",2017,NA,"Acoso sexual",0,0,2,0,6,4,1,2,0,0,0,0,15
"307",2017,NA,"Feminicidio",0,0,0,0,0,0,0,0,0,0,0,0,0
"308",2017,NA,"Hostigamiento sexual",0,2,2,1,0,1,0,0,0,0,0,2,8
"309",2017,NA,"Violación equiparada",0,0,0,0,0,0,0,0,0,0,0,0,0
"310",2017,NA,"Violación simple",1,0,0,3,7,3,5,3,2,1,1,1,27
"311",2017,NA,"Violencia de género en todas sus modalidades distinta a la violencia familiar",0,0,0,0,0,0,0,0,0,0,0,0,0
"312",2017,NA,"Violencia familiar",3,13,16,19,40,123,23,13,9,10,6,7,282
"313",2018,"Región Altos Norte","Abuso sexual",5,3,5,8,8,6,5,4,4,2,4,3,57
"314",2018,"Región Altos Norte","Acoso sexual",0,1,0,0,0,0,0,0,0,1,0,0,2
"315",2018,"Región Altos Norte","Feminicidio",0,0,0,0,0,0,0,0,0,0,0,1,1
"316",2018,"Región Altos Norte","Hostigamiento sexual",0,0,0,1,0,0,0,0,0,0,1,0,2
"317",2018,"Región Altos Norte","Violación equiparada",0,0,0,0,0,0,0,0,0,0,0,0,0
"318",2018,"Región Altos Norte","Violación simple",1,1,1,1,1,4,0,0,0,1,1,1,12
"319",2018,"Región Altos Norte","Violencia de género en todas sus modalidades distinta a la violencia familiar",0,0,0,0,0,0,0,0,0,0,0,0,0
"320",2018,"Región Altos Norte","Violencia familiar",5,17,13,15,20,7,18,14,11,20,16,10,166
"321",2018,"Región Altos Sur","Abuso sexual",2,2,2,6,8,8,9,5,5,8,6,5,66
"322",2018,"Región Altos Sur","Acoso sexual",0,0,1,0,1,1,0,1,1,0,0,0,5
"323",2018,"Región Altos Sur","Feminicidio",0,0,0,0,1,0,0,0,0,0,0,0,1
"324",2018,"Región Altos Sur","Hostigamiento sexual",0,0,0,0,0,0,1,1,1,0,0,0,3
"325",2018,"Región Altos Sur","Violación equiparada",0,0,0,0,0,0,0,0,0,0,0,0,0
"326",2018,"Región Altos Sur","Violación simple",1,0,1,0,0,4,0,2,0,1,1,2,12
"327",2018,"Región Altos Sur","Violencia de género en todas sus modalidades distinta a la violencia familiar",0,0,0,0,0,0,0,0,0,0,0,0,0
"328",2018,"Región Altos Sur","Violencia familiar",19,16,21,14,26,18,25,24,19,20,16,21,239
"329",2018,"Región Centro","Abuso sexual",121,93,128,129,128,104,113,130,110,104,116,96,1372
"330",2018,"Región Centro","Acoso sexual",22,18,24,22,17,26,13,11,12,18,12,13,208
"331",2018,"Región Centro","Feminicidio",3,4,2,2,1,1,2,0,2,0,1,3,21
"332",2018,"Región Centro","Hostigamiento sexual",1,1,5,5,5,4,4,0,1,4,3,1,34
"333",2018,"Región Centro","Violación equiparada",2,0,0,0,0,0,0,0,0,0,0,0,2
"334",2018,"Región Centro","Violación simple",25,25,31,24,16,26,21,16,17,21,24,17,263
"335",2018,"Región Centro","Violencia de género en todas sus modalidades distinta a la violencia familiar",0,0,0,0,0,0,0,0,0,0,0,0,0
"336",2018,"Región Centro","Violencia familiar",631,536,667,706,667,654,588,481,462,450,361,333,6536
"337",2018,"Región Ciénega","Abuso sexual",4,4,3,4,5,6,8,7,3,5,3,5,57
"338",2018,"Región Ciénega","Acoso sexual",0,0,0,0,0,1,0,0,1,2,0,0,4
"339",2018,"Región Ciénega","Feminicidio",0,0,0,1,0,0,0,0,0,0,0,0,1
"340",2018,"Región Ciénega","Hostigamiento sexual",0,0,0,0,0,0,0,0,0,0,0,0,0
"341",2018,"Región Ciénega","Violación equiparada",0,0,0,0,0,0,0,0,0,0,0,0,0
"342",2018,"Región Ciénega","Violación simple",0,1,1,0,3,1,2,3,0,1,1,0,13
"343",2018,"Región Ciénega","Violencia de género en todas sus modalidades distinta a la violencia familiar",0,0,0,0,0,0,0,0,0,0,0,0,0
"344",2018,"Región Ciénega","Violencia familiar",8,16,12,8,10,23,13,25,14,16,13,15,173
"345",2018,"Región Costa-Sierra Occidental","Abuso sexual",7,13,10,12,16,12,15,18,12,13,20,7,155
"346",2018,"Región Costa-Sierra Occidental","Acoso sexual",1,0,1,0,3,1,0,0,1,2,2,3,14
"347",2018,"Región Costa-Sierra Occidental","Feminicidio",0,1,0,1,0,0,0,0,0,0,0,0,2
"348",2018,"Región Costa-Sierra Occidental","Hostigamiento sexual",0,0,1,0,0,2,3,1,5,0,3,0,15
"349",2018,"Región Costa-Sierra Occidental","Violación equiparada",0,0,0,0,0,0,0,0,0,0,0,0,0
"350",2018,"Región Costa-Sierra Occidental","Violación simple",2,5,4,0,3,1,1,2,2,3,1,3,27
"351",2018,"Región Costa-Sierra Occidental","Violencia de género en todas sus modalidades distinta a la violencia familiar",0,0,0,0,0,0,0,0,0,0,0,0,0
"352",2018,"Región Costa-Sierra Occidental","Violencia familiar",35,43,28,50,64,52,73,49,65,65,51,59,634
"353",2018,"Región Costa Sur","Abuso sexual",3,1,2,2,2,3,4,8,8,5,5,4,47
"354",2018,"Región Costa Sur","Acoso sexual",0,0,0,1,0,0,0,0,0,0,0,0,1
"355",2018,"Región Costa Sur","Feminicidio",1,0,1,0,0,0,0,0,0,0,0,0,2
"356",2018,"Región Costa Sur","Hostigamiento sexual",0,0,0,0,0,0,0,0,0,0,0,0,0
"357",2018,"Región Costa Sur","Violación equiparada",0,0,0,0,0,0,0,0,0,0,0,0,0
"358",2018,"Región Costa Sur","Violación simple",1,0,0,0,0,0,1,0,0,0,0,1,3
"359",2018,"Región Costa Sur","Violencia de género en todas sus modalidades distinta a la violencia familiar",0,0,0,0,0,0,0,0,0,0,0,0,0
"360",2018,"Región Costa Sur","Violencia familiar",12,8,4,4,6,8,4,6,6,6,6,1,71
"361",2018,"Región Lagunas","Abuso sexual",2,3,3,7,4,2,2,4,3,3,5,2,40
"362",2018,"Región Lagunas","Acoso sexual",1,0,0,0,1,0,0,0,1,1,0,0,4
"363",2018,"Región Lagunas","Feminicidio",0,0,0,0,0,0,0,0,0,0,0,0,0
"364",2018,"Región Lagunas","Hostigamiento sexual",0,0,0,0,0,0,0,1,0,0,1,0,2
"365",2018,"Región Lagunas","Violación equiparada",0,0,0,0,0,0,0,0,0,0,0,0,0
"366",2018,"Región Lagunas","Violación simple",0,1,0,1,3,0,0,2,0,1,0,0,8
"367",2018,"Región Lagunas","Violencia de género en todas sus modalidades distinta a la violencia familiar",0,0,0,0,0,0,0,0,0,0,0,0,0
"368",2018,"Región Lagunas","Violencia familiar",17,10,18,14,22,11,11,16,4,11,13,5,152
"369",2018,"Región Norte","Abuso sexual",0,2,3,4,1,3,1,2,2,1,1,2,22
"370",2018,"Región Norte","Acoso sexual",0,0,0,0,0,1,0,0,0,0,0,0,1
"371",2018,"Región Norte","Feminicidio",0,0,0,0,0,0,1,0,0,0,0,0,1
"372",2018,"Región Norte","Hostigamiento sexual",0,0,1,0,0,0,0,1,0,0,0,0,2
"373",2018,"Región Norte","Violación equiparada",0,0,0,0,0,0,0,0,0,0,0,0,0
"374",2018,"Región Norte","Violación simple",1,0,0,0,0,1,1,0,0,0,0,0,3
"375",2018,"Región Norte","Violencia de género en todas sus modalidades distinta a la violencia familiar",0,0,0,0,0,0,0,0,0,0,0,0,0
"376",2018,"Región Norte","Violencia familiar",2,1,4,5,0,6,4,5,4,6,1,2,40
"377",2018,"Región Sierra de Amula","Abuso sexual",4,3,7,3,3,5,7,3,8,3,6,1,53
"378",2018,"Región Sierra de Amula","Acoso sexual",0,1,0,0,0,0,1,1,1,0,0,0,4
"379",2018,"Región Sierra de Amula","Feminicidio",1,0,0,0,0,0,0,0,0,0,1,0,2
"380",2018,"Región Sierra de Amula","Hostigamiento sexual",0,0,0,0,0,0,0,0,0,0,0,0,0
"381",2018,"Región Sierra de Amula","Violación equiparada",0,0,0,0,0,0,0,0,0,0,0,0,0
"382",2018,"Región Sierra de Amula","Violación simple",1,1,0,0,0,0,0,1,0,1,0,2,6
"383",2018,"Región Sierra de Amula","Violencia de género en todas sus modalidades distinta a la violencia familiar",0,0,0,0,0,0,0,0,0,0,0,0,0
"384",2018,"Región Sierra de Amula","Violencia familiar",7,12,18,14,17,17,21,22,17,23,16,24,208
"385",2018,"Región Sur","Abuso sexual",6,2,7,5,4,4,3,7,4,2,4,6,54
"386",2018,"Región Sur","Acoso sexual",1,0,0,0,0,0,0,2,2,0,1,2,8
"387",2018,"Región Sur","Feminicidio",0,0,0,0,0,0,0,0,0,0,0,0,0
"388",2018,"Región Sur","Hostigamiento sexual",0,0,2,0,0,0,0,0,0,0,0,0,2
"389",2018,"Región Sur","Violación equiparada",0,0,0,0,0,0,0,0,0,0,0,0,0
"390",2018,"Región Sur","Violación simple",1,0,3,0,1,0,2,1,0,0,0,1,9
"391",2018,"Región Sur","Violencia de género en todas sus modalidades distinta a la violencia familiar",0,0,0,0,0,0,0,0,0,0,0,0,0
"392",2018,"Región Sur","Violencia familiar",6,15,19,16,18,16,16,14,18,21,6,3,168
"393",2018,"Región Sureste","Abuso sexual",2,1,3,2,3,2,5,3,4,3,5,1,34
"394",2018,"Región Sureste","Acoso sexual",0,0,0,0,0,0,0,0,0,0,3,1,4
"395",2018,"Región Sureste","Feminicidio",0,0,0,0,0,1,0,0,0,0,0,0,1
"396",2018,"Región Sureste","Hostigamiento sexual",0,0,0,0,0,0,0,1,0,0,0,0,1
"397",2018,"Región Sureste","Violación equiparada",0,0,0,0,0,0,0,0,0,0,0,0,0
"398",2018,"Región Sureste","Violación simple",0,0,1,1,0,0,1,0,2,0,1,1,7
"399",2018,"Región Sureste","Violencia de género en todas sus modalidades distinta a la violencia familiar",0,0,0,0,0,0,0,0,0,0,0,0,0
"400",2018,"Región Sureste","Violencia familiar",8,8,10,8,16,7,11,7,7,8,6,5,101
"401",2018,"Región Valles","Abuso sexual",7,3,7,6,6,10,3,5,6,6,6,5,70
"402",2018,"Región Valles","Acoso sexual",0,0,1,2,1,0,2,0,3,2,0,1,12
"403",2018,"Región Valles","Feminicidio",0,0,0,0,0,0,0,0,0,0,0,1,1
"404",2018,"Región Valles","Hostigamiento sexual",0,0,0,0,0,0,0,0,0,1,0,0,1
"405",2018,"Región Valles","Violación equiparada",0,0,0,0,0,0,0,0,0,0,0,0,0
"406",2018,"Región Valles","Violación simple",0,0,1,2,1,1,0,1,0,2,0,1,9
"407",2018,"Región Valles","Violencia de género en todas sus modalidades distinta a la violencia familiar",0,0,0,0,0,0,0,0,0,0,0,0,0
"408",2018,"Región Valles","Violencia familiar",17,26,18,21,29,23,30,16,15,29,17,20,261
"409",2018,NA,"Abuso sexual",11,4,8,3,16,8,11,20,7,13,12,16,129
"410",2018,NA,"Acoso sexual",1,0,3,4,1,3,1,0,3,1,0,0,17
"411",2018,NA,"Feminicidio",0,0,0,0,0,0,0,0,0,0,0,0,0
"412",2018,NA,"Hostigamiento sexual",0,0,0,0,0,0,0,2,0,1,0,0,3
"413",2018,NA,"Violación equiparada",0,0,0,0,0,0,0,0,0,0,0,0,0
"414",2018,NA,"Violación simple",0,0,0,2,2,1,2,4,0,3,2,2,18
"415",2018,NA,"Violencia de género en todas sus modalidades distinta a la violencia familiar",0,0,0,0,0,0,0,0,0,0,0,0,0
"416",2018,NA,"Violencia familiar",11,1,13,8,9,7,12,10,5,8,7,10,101
"417",2019,"Región Altos Norte","Abuso sexual",7,6,7,11,11,8,2,2,6,2,4,5,71
"418",2019,"Región Altos Norte","Acoso sexual",0,0,0,0,0,1,1,0,1,0,0,0,3
"419",2019,"Región Altos Norte","Feminicidio",0,0,0,0,0,0,0,0,0,0,0,0,0
"420",2019,"Región Altos Norte","Hostigamiento sexual",0,0,0,0,0,0,0,0,0,1,0,0,1
"421",2019,"Región Altos Norte","Violación equiparada",0,0,0,0,0,0,0,0,0,0,0,0,0
"422",2019,"Región Altos Norte","Violación simple",0,0,2,0,1,2,0,1,1,4,0,0,11
"423",2019,"Región Altos Norte","Violencia de género en todas sus modalidades distinta a la violencia familiar",0,0,0,0,0,0,0,0,0,0,0,0,0
"424",2019,"Región Altos Norte","Violencia familiar",18,14,12,20,29,19,28,33,17,29,15,27,261
"425",2019,"Región Altos Sur","Abuso sexual",6,4,6,8,7,9,9,5,8,6,10,3,81
"426",2019,"Región Altos Sur","Acoso sexual",0,1,1,0,0,1,2,0,0,0,0,1,6
"427",2019,"Región Altos Sur","Feminicidio",0,0,0,0,0,0,0,0,0,0,1,0,1
"428",2019,"Región Altos Sur","Hostigamiento sexual",1,0,0,1,0,0,0,0,0,0,0,0,2
"429",2019,"Región Altos Sur","Violación equiparada",0,0,0,0,0,0,0,0,0,0,0,0,0
"430",2019,"Región Altos Sur","Violación simple",1,2,1,0,2,1,1,1,1,1,2,0,13
"431",2019,"Región Altos Sur","Violencia de género en todas sus modalidades distinta a la violencia familiar",0,0,0,0,0,0,0,0,0,0,0,0,0
"432",2019,"Región Altos Sur","Violencia familiar",24,29,23,36,33,26,45,30,22,40,32,35,375
"433",2019,"Región Centro","Abuso sexual",136,112,130,140,202,129,110,136,113,109,95,111,1523
"434",2019,"Región Centro","Acoso sexual",15,10,14,12,23,27,18,29,18,20,16,22,224
"435",2019,"Región Centro","Feminicidio",4,6,5,2,3,3,3,5,3,6,4,7,51
"436",2019,"Región Centro","Hostigamiento sexual",2,6,1,5,6,5,4,6,2,4,5,7,53
"437",2019,"Región Centro","Violación equiparada",0,0,0,0,0,0,0,0,0,0,0,0,0
"438",2019,"Región Centro","Violación simple",19,26,26,26,21,31,40,24,26,30,39,25,333
"439",2019,"Región Centro","Violencia de género en todas sus modalidades distinta a la violencia familiar",0,0,0,0,0,0,0,0,0,0,0,0,0
"440",2019,"Región Centro","Violencia familiar",434,459,613,661,839,780,718,763,668,701,535,523,7694
"441",2019,"Región Ciénega","Abuso sexual",7,4,7,9,9,6,3,5,5,4,8,3,70
"442",2019,"Región Ciénega","Acoso sexual",1,1,0,0,0,0,1,0,1,1,0,0,5
"443",2019,"Región Ciénega","Feminicidio",0,0,0,0,0,0,1,0,0,0,0,0,1
"444",2019,"Región Ciénega","Hostigamiento sexual",0,0,0,0,1,0,0,0,0,0,0,0,1
"445",2019,"Región Ciénega","Violación equiparada",0,0,0,0,0,0,0,0,0,0,0,0,0
"446",2019,"Región Ciénega","Violación simple",0,0,2,0,0,1,2,2,0,1,0,1,9
"447",2019,"Región Ciénega","Violencia de género en todas sus modalidades distinta a la violencia familiar",0,0,0,0,0,0,0,0,0,0,0,0,0
"448",2019,"Región Ciénega","Violencia familiar",24,20,16,27,34,14,40,52,36,43,17,26,349
"449",2019,"Región Costa-Sierra Occidental","Abuso sexual",15,7,8,10,14,8,14,22,12,10,15,10,145
"450",2019,"Región Costa-Sierra Occidental","Acoso sexual",0,0,0,2,2,3,0,0,0,0,0,0,7
"451",2019,"Región Costa-Sierra Occidental","Feminicidio",0,1,0,0,1,0,1,2,0,0,0,0,5
"452",2019,"Región Costa-Sierra Occidental","Hostigamiento sexual",1,1,0,0,0,1,0,0,0,0,1,0,4
"453",2019,"Región Costa-Sierra Occidental","Violación equiparada",0,0,0,0,0,0,0,0,0,0,0,0,0
"454",2019,"Región Costa-Sierra Occidental","Violación simple",0,3,0,0,2,2,2,3,2,6,2,0,22
"455",2019,"Región Costa-Sierra Occidental","Violencia de género en todas sus modalidades distinta a la violencia familiar",0,0,0,0,0,0,0,0,0,0,0,0,0
"456",2019,"Región Costa-Sierra Occidental","Violencia familiar",69,68,63,92,88,77,87,91,77,79,71,75,937
"457",2019,"Región Costa Sur","Abuso sexual",3,2,5,4,6,3,6,4,2,4,0,2,41
"458",2019,"Región Costa Sur","Acoso sexual",1,0,1,1,0,0,0,0,0,1,0,0,4
"459",2019,"Región Costa Sur","Feminicidio",0,0,0,0,0,0,0,0,0,0,0,1,1
"460",2019,"Región Costa Sur","Hostigamiento sexual",0,0,0,0,0,0,0,0,0,0,0,0,0
"461",2019,"Región Costa Sur","Violación equiparada",0,0,0,0,0,0,0,0,0,0,0,0,0
"462",2019,"Región Costa Sur","Violación simple",0,1,0,0,0,0,0,1,1,0,0,0,3
"463",2019,"Región Costa Sur","Violencia de género en todas sus modalidades distinta a la violencia familiar",0,0,0,0,0,0,0,0,0,0,0,0,0
"464",2019,"Región Costa Sur","Violencia familiar",7,5,4,4,5,3,12,10,4,8,5,4,71
"465",2019,"Región Lagunas","Abuso sexual",2,4,6,4,3,6,4,3,4,7,5,3,51
"466",2019,"Región Lagunas","Acoso sexual",0,0,1,0,0,1,0,1,1,0,0,1,5
"467",2019,"Región Lagunas","Feminicidio",0,0,0,0,0,1,0,0,0,0,0,0,1
"468",2019,"Región Lagunas","Hostigamiento sexual",0,0,0,1,0,0,0,0,0,0,0,0,1
"469",2019,"Región Lagunas","Violación equiparada",0,0,0,0,0,0,0,0,0,0,0,0,0
"470",2019,"Región Lagunas","Violación simple",0,0,0,0,0,0,0,2,0,1,1,0,4
"471",2019,"Región Lagunas","Violencia de género en todas sus modalidades distinta a la violencia familiar",0,0,0,0,0,0,0,0,0,0,0,0,0
"472",2019,"Región Lagunas","Violencia familiar",10,8,11,8,19,8,23,15,17,13,18,10,160
"473",2019,"Región Norte","Abuso sexual",1,2,2,0,3,4,3,3,0,4,0,3,25
"474",2019,"Región Norte","Acoso sexual",0,1,1,1,1,0,1,0,0,1,0,0,6
"475",2019,"Región Norte","Feminicidio",0,0,0,1,0,0,1,0,1,0,0,0,3
"476",2019,"Región Norte","Hostigamiento sexual",0,0,0,0,0,1,0,0,0,0,0,0,1
"477",2019,"Región Norte","Violación equiparada",0,0,0,0,0,0,0,0,0,0,0,0,0
"478",2019,"Región Norte","Violación simple",0,0,0,0,1,0,0,0,0,0,0,1,2
"479",2019,"Región Norte","Violencia de género en todas sus modalidades distinta a la violencia familiar",0,0,0,0,0,0,0,0,0,0,0,0,0
"480",2019,"Región Norte","Violencia familiar",4,3,5,5,9,4,8,7,5,4,6,4,64
"481",2019,"Región Sierra de Amula","Abuso sexual",4,7,3,3,5,2,6,0,2,5,6,3,46
"482",2019,"Región Sierra de Amula","Acoso sexual",0,0,0,0,0,0,1,0,0,0,0,0,1
"483",2019,"Región Sierra de Amula","Feminicidio",0,0,0,0,0,0,0,0,0,0,0,0,0
"484",2019,"Región Sierra de Amula","Hostigamiento sexual",0,0,0,0,0,0,0,0,0,0,0,0,0
"485",2019,"Región Sierra de Amula","Violación equiparada",0,0,0,0,0,0,0,0,0,0,0,0,0
"486",2019,"Región Sierra de Amula","Violación simple",0,2,2,1,0,1,1,1,1,1,0,1,11
"487",2019,"Región Sierra de Amula","Violencia de género en todas sus modalidades distinta a la violencia familiar",0,0,0,0,0,0,0,0,0,0,0,0,0
"488",2019,"Región Sierra de Amula","Violencia familiar",24,17,24,7,25,16,15,15,20,23,20,20,226
"489",2019,"Región Sur","Abuso sexual",3,2,8,4,4,3,5,8,4,8,8,4,61
"490",2019,"Región Sur","Acoso sexual",1,2,1,0,1,2,0,1,0,0,1,3,12
"491",2019,"Región Sur","Feminicidio",0,0,0,0,0,0,0,0,0,0,0,0,0
"492",2019,"Región Sur","Hostigamiento sexual",1,0,1,0,0,2,1,0,0,0,1,0,6
"493",2019,"Región Sur","Violación equiparada",0,0,0,0,0,0,0,0,0,0,0,0,0
"494",2019,"Región Sur","Violación simple",1,1,2,2,0,0,1,1,0,0,2,0,10
"495",2019,"Región Sur","Violencia de género en todas sus modalidades distinta a la violencia familiar",0,0,0,0,0,0,0,0,0,0,0,0,0
"496",2019,"Región Sur","Violencia familiar",11,17,9,6,9,6,14,9,7,14,11,10,123
"497",2019,"Región Sureste","Abuso sexual",2,2,0,1,2,4,2,9,1,2,5,7,37
"498",2019,"Región Sureste","Acoso sexual",1,0,0,0,0,0,0,0,0,0,0,0,1
"499",2019,"Región Sureste","Feminicidio",0,0,0,0,0,0,0,0,0,0,0,0,0
"500",2019,"Región Sureste","Hostigamiento sexual",0,1,0,0,0,0,0,0,0,0,0,0,1
"501",2019,"Región Sureste","Violación equiparada",0,0,0,0,0,0,0,0,0,0,0,0,0
"502",2019,"Región Sureste","Violación simple",2,0,1,0,1,0,0,0,0,0,0,2,6
"503",2019,"Región Sureste","Violencia de género en todas sus modalidades distinta a la violencia familiar",0,0,0,0,0,0,0,0,0,0,0,0,0
"504",2019,"Región Sureste","Violencia familiar",11,16,13,12,26,16,6,12,12,6,12,10,152
"505",2019,"Región Valles","Abuso sexual",8,8,9,6,8,4,1,9,5,11,3,5,77
"506",2019,"Región Valles","Acoso sexual",0,1,1,0,1,0,0,0,0,1,1,0,5
"507",2019,"Región Valles","Feminicidio",1,0,0,0,0,0,0,0,0,0,0,1,2
"508",2019,"Región Valles","Hostigamiento sexual",0,1,0,0,0,1,0,0,0,0,0,0,2
"509",2019,"Región Valles","Violación equiparada",0,0,0,0,0,0,0,0,0,0,0,0,0
"510",2019,"Región Valles","Violación simple",0,3,2,1,0,1,0,1,0,0,0,0,8
"511",2019,"Región Valles","Violencia de género en todas sus modalidades distinta a la violencia familiar",0,0,0,0,0,0,0,0,0,0,0,0,0
"512",2019,"Región Valles","Violencia familiar",37,23,35,30,38,37,41,42,33,37,32,25,410
"513",2019,NA,"Abuso sexual",21,15,30,29,12,12,11,20,19,8,7,11,195
"514",2019,NA,"Acoso sexual",0,0,2,1,2,0,2,3,1,0,1,1,13
"515",2019,NA,"Feminicidio",0,0,0,0,0,0,0,0,0,0,0,0,0
"516",2019,NA,"Hostigamiento sexual",0,0,0,0,0,0,1,1,0,0,0,0,2
"517",2019,NA,"Violación equiparada",0,0,0,0,0,0,0,0,0,0,0,0,0
"518",2019,NA,"Violación simple",0,0,2,2,2,1,1,1,0,1,2,2,14
"519",2019,NA,"Violencia de género en todas sus modalidades distinta a la violencia familiar",0,0,0,0,0,0,0,0,0,0,0,0,0
"520",2019,NA,"Violencia familiar",13,6,13,30,15,20,25,55,33,4,8,10,232
"521",2020,"Región Altos Norte","Abuso sexual",5,4,1,5,6,7,6,11,9,2,4,5,65
"522",2020,"Región Altos Norte","Acoso sexual",0,0,1,0,0,2,0,2,0,1,2,1,9
"523",2020,"Región Altos Norte","Feminicidio",0,0,0,0,0,0,1,0,0,0,0,0,1
"524",2020,"Región Altos Norte","Hostigamiento sexual",0,1,0,0,0,0,0,0,0,0,0,0,1
"525",2020,"Región Altos Norte","Violación equiparada",0,0,0,0,0,0,0,0,0,0,0,0,0
"526",2020,"Región Altos Norte","Violación simple",0,0,1,0,0,0,1,3,2,3,0,2,12
"527",2020,"Región Altos Norte","Violencia de género en todas sus modalidades distinta a la violencia familiar",0,0,0,0,0,0,0,0,0,0,0,0,0
"528",2020,"Región Altos Norte","Violencia familiar",20,22,30,36,48,41,46,49,40,26,25,29,412
"529",2020,"Región Altos Sur","Abuso sexual",8,4,11,7,12,4,5,4,8,8,5,5,81
"530",2020,"Región Altos Sur","Acoso sexual",0,0,0,1,3,0,0,0,0,2,0,0,6
"531",2020,"Región Altos Sur","Feminicidio",0,0,0,0,0,0,0,0,0,1,0,0,1
"532",2020,"Región Altos Sur","Hostigamiento sexual",0,0,0,0,0,0,0,0,0,0,0,0,0
"533",2020,"Región Altos Sur","Violación equiparada",0,0,0,0,0,0,0,0,0,0,0,0,0
"534",2020,"Región Altos Sur","Violación simple",1,0,1,1,0,1,0,1,2,1,2,1,11
"535",2020,"Región Altos Sur","Violencia de género en todas sus modalidades distinta a la violencia familiar",0,0,0,0,0,0,0,0,0,0,0,0,0
"536",2020,"Región Altos Sur","Violencia familiar",34,22,25,26,39,37,29,19,29,37,29,27,353
"537",2020,"Región Centro","Abuso sexual",96,144,145,108,115,121,98,124,119,130,115,93,1408
"538",2020,"Región Centro","Acoso sexual",14,21,23,6,14,19,21,23,18,21,12,13,205
"539",2020,"Región Centro","Feminicidio",4,3,4,4,3,3,0,3,5,7,5,11,52
"540",2020,"Región Centro","Hostigamiento sexual",3,6,6,1,7,1,2,5,3,4,2,3,43
"541",2020,"Región Centro","Violación equiparada",0,0,0,0,0,0,0,0,0,0,0,0,0
"542",2020,"Región Centro","Violación simple",20,26,30,18,23,18,16,18,25,26,26,29,275
"543",2020,"Región Centro","Violencia de género en todas sus modalidades distinta a la violencia familiar",0,0,0,0,0,0,0,0,0,0,0,0,0
"544",2020,"Región Centro","Violencia familiar",530,703,802,744,822,880,802,716,663,720,603,613,8598
"545",2020,"Región Ciénega","Abuso sexual",3,5,7,6,8,4,10,6,8,5,5,9,76
"546",2020,"Región Ciénega","Acoso sexual",0,0,0,0,0,0,0,0,0,0,0,0,0
"547",2020,"Región Ciénega","Feminicidio",0,0,0,2,0,0,0,0,0,0,0,0,2
"548",2020,"Región Ciénega","Hostigamiento sexual",0,0,0,0,0,0,0,0,0,0,0,0,0
"549",2020,"Región Ciénega","Violación equiparada",0,0,0,0,0,0,0,0,0,0,0,0,0
"550",2020,"Región Ciénega","Violación simple",1,0,3,1,0,0,0,1,2,1,1,4,14
"551",2020,"Región Ciénega","Violencia de género en todas sus modalidades distinta a la violencia familiar",0,0,0,0,0,0,0,0,0,0,0,0,0
"552",2020,"Región Ciénega","Violencia familiar",31,29,32,19,33,34,32,30,37,23,37,32,369
"553",2020,"Región Costa-Sierra Occidental","Abuso sexual",14,10,9,17,8,14,18,14,11,12,6,10,143
"554",2020,"Región Costa-Sierra Occidental","Acoso sexual",1,2,1,0,0,1,0,0,0,0,2,4,11
"555",2020,"Región Costa-Sierra Occidental","Feminicidio",0,0,0,0,1,0,0,0,0,0,0,0,1
"556",2020,"Región Costa-Sierra Occidental","Hostigamiento sexual",0,0,0,0,0,1,0,1,0,0,0,0,2
"557",2020,"Región Costa-Sierra Occidental","Violación equiparada",0,0,0,0,0,0,0,0,0,0,0,0,0
"558",2020,"Región Costa-Sierra Occidental","Violación simple",2,7,0,1,2,0,0,1,2,0,1,1,17
"559",2020,"Región Costa-Sierra Occidental","Violencia de género en todas sus modalidades distinta a la violencia familiar",0,0,0,0,0,0,0,0,0,0,0,0,0
"560",2020,"Región Costa-Sierra Occidental","Violencia familiar",60,72,87,49,54,88,79,72,58,80,69,59,827
"561",2020,"Región Costa Sur","Abuso sexual",7,7,6,5,8,4,5,0,2,2,6,1,53
"562",2020,"Región Costa Sur","Acoso sexual",0,0,0,0,1,0,0,0,1,0,1,0,3
"563",2020,"Región Costa Sur","Feminicidio",0,0,0,0,0,0,1,0,0,0,0,0,1
"564",2020,"Región Costa Sur","Hostigamiento sexual",0,1,1,1,0,0,0,1,1,0,0,0,5
"565",2020,"Región Costa Sur","Violación equiparada",0,0,0,0,0,0,0,0,0,0,0,0,0
"566",2020,"Región Costa Sur","Violación simple",1,1,0,0,0,0,0,0,0,2,0,0,4
"567",2020,"Región Costa Sur","Violencia de género en todas sus modalidades distinta a la violencia familiar",0,0,0,0,0,0,0,0,0,0,0,0,0
"568",2020,"Región Costa Sur","Violencia familiar",8,8,13,4,11,14,11,9,13,29,13,10,143
"569",2020,"Región Lagunas","Abuso sexual",5,3,4,5,2,2,5,2,6,2,3,1,40
"570",2020,"Región Lagunas","Acoso sexual",2,1,2,0,0,1,0,2,1,0,0,0,9
"571",2020,"Región Lagunas","Feminicidio",0,0,0,1,0,0,0,0,0,0,0,1,2
"572",2020,"Región Lagunas","Hostigamiento sexual",0,1,0,0,0,0,0,0,0,0,0,0,1
"573",2020,"Región Lagunas","Violación equiparada",0,0,0,0,0,0,0,0,0,0,0,0,0
"574",2020,"Región Lagunas","Violación simple",0,1,0,2,0,1,1,0,0,0,1,1,7
"575",2020,"Región Lagunas","Violencia de género en todas sus modalidades distinta a la violencia familiar",0,0,0,0,0,0,0,0,0,0,0,0,0
"576",2020,"Región Lagunas","Violencia familiar",16,18,21,16,20,19,14,20,24,26,18,17,229
"577",2020,"Región Norte","Abuso sexual",0,3,4,4,2,1,1,3,1,2,2,2,25
"578",2020,"Región Norte","Acoso sexual",0,0,0,0,0,0,0,0,0,0,0,0,0
"579",2020,"Región Norte","Feminicidio",0,0,1,1,0,0,0,0,0,0,0,0,2
"580",2020,"Región Norte","Hostigamiento sexual",0,0,1,0,0,0,0,0,0,0,0,1,2
"581",2020,"Región Norte","Violación equiparada",0,0,0,0,0,0,0,0,0,0,0,0,0
"582",2020,"Región Norte","Violación simple",0,0,0,0,0,0,0,0,0,1,0,0,1
"583",2020,"Región Norte","Violencia de género en todas sus modalidades distinta a la violencia familiar",0,0,0,0,0,0,0,0,0,0,0,0,0
"584",2020,"Región Norte","Violencia familiar",2,2,1,2,4,4,3,4,4,3,4,1,34
"585",2020,"Región Sierra de Amula","Abuso sexual",4,5,6,4,5,8,5,3,3,4,2,2,51
"586",2020,"Región Sierra de Amula","Acoso sexual",0,0,0,0,0,0,0,0,1,0,0,0,1
"587",2020,"Región Sierra de Amula","Feminicidio",0,0,0,0,0,0,0,0,0,0,1,0,1
"588",2020,"Región Sierra de Amula","Hostigamiento sexual",0,0,0,0,0,0,0,0,0,0,1,0,1
"589",2020,"Región Sierra de Amula","Violación equiparada",0,0,0,0,0,0,0,0,0,0,0,0,0
"590",2020,"Región Sierra de Amula","Violación simple",2,0,0,0,1,1,0,0,0,0,0,1,5
"591",2020,"Región Sierra de Amula","Violencia de género en todas sus modalidades distinta a la violencia familiar",0,0,0,0,0,0,0,0,0,0,0,0,0
"592",2020,"Región Sierra de Amula","Violencia familiar",20,12,12,14,25,18,25,18,16,20,17,23,220
"593",2020,"Región Sur","Abuso sexual",5,8,8,6,4,6,4,1,10,8,3,10,73
"594",2020,"Región Sur","Acoso sexual",0,1,0,1,0,0,0,0,2,1,0,1,6
"595",2020,"Región Sur","Feminicidio",0,0,0,0,1,0,0,0,0,0,0,0,1
"596",2020,"Región Sur","Hostigamiento sexual",0,0,0,1,0,0,0,0,0,0,0,1,2
"597",2020,"Región Sur","Violación equiparada",0,0,0,0,0,0,0,0,0,0,0,0,0
"598",2020,"Región Sur","Violación simple",1,0,1,2,0,2,0,1,0,1,0,0,8
"599",2020,"Región Sur","Violencia de género en todas sus modalidades distinta a la violencia familiar",0,0,0,0,0,0,0,0,0,0,0,0,0
"600",2020,"Región Sur","Violencia familiar",1,13,9,4,15,13,13,5,18,10,8,9,118
"601",2020,"Región Sureste","Abuso sexual",4,1,4,2,2,3,2,5,2,2,3,2,32
"602",2020,"Región Sureste","Acoso sexual",0,0,0,0,0,0,0,1,0,0,0,0,1
"603",2020,"Región Sureste","Feminicidio",0,0,0,0,1,0,0,0,0,1,0,0,2
"604",2020,"Región Sureste","Hostigamiento sexual",0,0,0,0,0,0,0,0,0,0,0,0,0
"605",2020,"Región Sureste","Violación equiparada",0,0,0,0,0,0,0,0,0,0,0,0,0
"606",2020,"Región Sureste","Violación simple",0,1,0,0,0,0,1,0,1,0,1,1,5
"607",2020,"Región Sureste","Violencia de género en todas sus modalidades distinta a la violencia familiar",0,0,0,0,0,0,0,0,0,0,0,0,0
"608",2020,"Región Sureste","Violencia familiar",10,6,13,7,8,8,10,4,6,8,5,5,90
"609",2020,"Región Valles","Abuso sexual",3,4,13,6,4,8,6,6,9,5,7,5,76
"610",2020,"Región Valles","Acoso sexual",1,1,3,2,0,1,0,0,1,1,1,0,11
"611",2020,"Región Valles","Feminicidio",0,0,1,0,0,0,0,1,0,0,0,0,2
"612",2020,"Región Valles","Hostigamiento sexual",0,0,0,0,0,0,0,0,0,1,1,0,2
"613",2020,"Región Valles","Violación equiparada",0,0,0,0,0,0,0,0,0,0,0,0,0
"614",2020,"Región Valles","Violación simple",0,1,0,1,1,1,0,0,2,1,0,1,8
"615",2020,"Región Valles","Violencia de género en todas sus modalidades distinta a la violencia familiar",0,0,0,0,0,0,0,0,0,0,0,0,0
"616",2020,"Región Valles","Violencia familiar",39,33,50,42,37,42,42,53,33,44,30,42,487
"617",2020,NA,"Abuso sexual",7,1,2,1,0,1,0,0,0,2,0,0,14
"618",2020,NA,"Acoso sexual",0,0,1,0,0,0,0,0,0,0,0,0,1
"619",2020,NA,"Feminicidio",0,0,0,0,0,0,0,0,0,0,0,0,0
"620",2020,NA,"Hostigamiento sexual",0,1,0,0,0,0,0,0,0,0,0,0,1
"621",2020,NA,"Violación equiparada",0,0,0,0,0,0,0,0,0,0,0,0,0
"622",2020,NA,"Violación simple",1,0,1,0,0,0,0,0,0,0,0,0,2
"623",2020,NA,"Violencia de género en todas sus modalidades distinta a la violencia familiar",0,0,0,0,0,0,0,0,0,0,0,0,0
"624",2020,NA,"Violencia familiar",7,3,0,2,0,0,0,0,0,0,0,0,12
"625",2021,"Región Altos Norte","Abuso sexual",2,4,8,10,12,4,7,7,6,4,4,2,70
"626",2021,"Región Altos Norte","Acoso sexual",0,0,0,0,3,3,0,2,2,0,0,0,10
"627",2021,"Región Altos Norte","Feminicidio",1,0,1,0,0,0,0,0,0,0,0,0,2
"628",2021,"Región Altos Norte","Hostigamiento sexual",0,1,0,0,0,0,0,0,0,0,1,0,2
"629",2021,"Región Altos Norte","Violación equiparada",0,0,0,0,0,0,0,0,0,0,0,0,0
"630",2021,"Región Altos Norte","Violación simple",1,1,0,1,0,4,0,1,2,0,1,0,11
"631",2021,"Región Altos Norte","Violencia de género en todas sus modalidades distinta a la violencia familiar",0,0,0,0,0,0,0,0,0,0,0,0,0
"632",2021,"Región Altos Norte","Violencia familiar",29,42,40,52,56,58,39,39,25,40,41,31,492
"633",2021,"Región Altos Sur","Abuso sexual",6,7,8,13,9,8,2,5,7,7,7,4,83
"634",2021,"Región Altos Sur","Acoso sexual",0,1,2,0,0,0,0,1,1,3,0,0,8
"635",2021,"Región Altos Sur","Feminicidio",0,0,0,1,1,0,0,0,0,0,0,0,2
"636",2021,"Región Altos Sur","Hostigamiento sexual",0,0,0,0,0,0,0,0,0,0,0,0,0
"637",2021,"Región Altos Sur","Violación equiparada",0,0,0,0,0,0,0,0,0,0,0,0,0
"638",2021,"Región Altos Sur","Violación simple",0,1,0,1,3,1,1,1,2,0,1,0,11
"639",2021,"Región Altos Sur","Violencia de género en todas sus modalidades distinta a la violencia familiar",0,0,0,0,0,0,0,0,0,0,0,0,0
"640",2021,"Región Altos Sur","Violencia familiar",26,38,41,39,35,34,26,26,23,29,43,29,389
"641",2021,"Región Centro","Abuso sexual",97,107,163,133,130,133,143,138,136,122,134,133,1569
"642",2021,"Región Centro","Acoso sexual",8,21,25,32,11,11,13,11,20,8,16,19,195
"643",2021,"Región Centro","Feminicidio",2,6,5,8,12,8,1,6,2,1,4,5,60
"644",2021,"Región Centro","Hostigamiento sexual",0,9,8,10,4,1,3,4,4,2,2,2,49
"645",2021,"Región Centro","Violación equiparada",0,0,0,0,0,0,0,0,0,0,0,0,0
"646",2021,"Región Centro","Violación simple",25,31,34,38,33,29,40,25,35,37,35,31,393
"647",2021,"Región Centro","Violencia de género en todas sus modalidades distinta a la violencia familiar",0,0,0,0,0,0,0,0,0,0,0,0,0
"648",2021,"Región Centro","Violencia familiar",630,657,963,914,871,749,705,708,688,816,717,725,9143
"649",2021,"Región Ciénega","Abuso sexual",4,4,6,5,5,7,12,6,4,4,4,4,65
"650",2021,"Región Ciénega","Acoso sexual",0,1,0,0,0,0,1,0,1,1,1,0,5
"651",2021,"Región Ciénega","Feminicidio",0,0,0,0,0,0,0,0,0,0,0,0,0
"652",2021,"Región Ciénega","Hostigamiento sexual",0,2,0,1,1,0,0,0,0,1,1,1,7
"653",2021,"Región Ciénega","Violación equiparada",0,0,0,0,0,0,0,0,0,0,0,0,0
"654",2021,"Región Ciénega","Violación simple",0,0,1,0,1,1,0,0,0,1,1,1,6
"655",2021,"Región Ciénega","Violencia de género en todas sus modalidades distinta a la violencia familiar",0,0,0,0,0,0,0,0,0,0,0,0,0
"656",2021,"Región Ciénega","Violencia familiar",33,28,46,57,31,43,37,31,34,42,32,27,441
"657",2021,"Región Costa-Sierra Occidental","Abuso sexual",18,18,13,17,20,19,16,16,15,15,10,10,187
"658",2021,"Región Costa-Sierra Occidental","Acoso sexual",0,0,3,1,0,1,1,1,0,1,8,1,17
"659",2021,"Región Costa-Sierra Occidental","Feminicidio",1,0,0,0,0,0,0,0,0,1,0,1,3
"660",2021,"Región Costa-Sierra Occidental","Hostigamiento sexual",0,1,0,0,0,1,0,0,1,1,1,1,6
"661",2021,"Región Costa-Sierra Occidental","Violación equiparada",0,0,0,0,0,0,0,0,0,0,0,0,0
"662",2021,"Región Costa-Sierra Occidental","Violación simple",1,1,2,8,2,0,2,2,2,3,5,3,31
"663",2021,"Región Costa-Sierra Occidental","Violencia de género en todas sus modalidades distinta a la violencia familiar",0,0,0,0,0,0,0,0,0,0,0,0,0
"664",2021,"Región Costa-Sierra Occidental","Violencia familiar",43,41,66,67,58,48,59,50,40,53,44,45,614
"665",2021,"Región Costa Sur","Abuso sexual",6,3,5,12,8,4,3,9,5,6,2,2,65
"666",2021,"Región Costa Sur","Acoso sexual",0,1,1,0,0,0,0,0,0,0,0,0,2
"667",2021,"Región Costa Sur","Feminicidio",0,1,1,0,1,0,0,0,0,1,0,0,4
"668",2021,"Región Costa Sur","Hostigamiento sexual",0,0,0,0,0,0,1,0,0,0,0,0,1
"669",2021,"Región Costa Sur","Violación equiparada",0,0,0,0,0,0,0,0,0,0,0,0,0
"670",2021,"Región Costa Sur","Violación simple",1,0,0,0,0,0,0,0,0,0,0,0,1
"671",2021,"Región Costa Sur","Violencia de género en todas sus modalidades distinta a la violencia familiar",0,0,0,0,0,0,0,0,0,0,0,0,0
"672",2021,"Región Costa Sur","Violencia familiar",17,15,16,15,10,16,14,13,17,14,20,17,184
"673",2021,"Región Lagunas","Abuso sexual",9,7,3,7,2,5,2,2,7,3,0,4,51
"674",2021,"Región Lagunas","Acoso sexual",2,0,0,1,0,0,2,0,1,0,0,0,6
"675",2021,"Región Lagunas","Feminicidio",0,0,0,0,0,0,0,0,0,0,0,0,0
"676",2021,"Región Lagunas","Hostigamiento sexual",0,0,0,0,0,0,0,0,0,0,0,1,1
"677",2021,"Región Lagunas","Violación equiparada",0,0,0,0,0,0,0,0,0,0,0,0,0
"678",2021,"Región Lagunas","Violación simple",1,1,1,0,1,1,1,1,0,0,0,2,9
"679",2021,"Región Lagunas","Violencia de género en todas sus modalidades distinta a la violencia familiar",0,0,0,0,0,0,0,0,0,0,0,0,0
"680",2021,"Región Lagunas","Violencia familiar",20,14,18,29,22,14,18,22,12,24,18,17,228
"681",2021,"Región Norte","Abuso sexual",2,1,0,3,1,2,2,2,0,6,1,0,20
"682",2021,"Región Norte","Acoso sexual",1,1,1,1,1,1,0,0,1,0,1,0,8
"683",2021,"Región Norte","Feminicidio",0,0,0,0,0,0,0,0,0,0,0,0,0
"684",2021,"Región Norte","Hostigamiento sexual",0,1,0,1,0,0,0,0,0,0,0,0,2
"685",2021,"Región Norte","Violación equiparada",0,0,0,0,0,0,0,0,0,0,0,0,0
"686",2021,"Región Norte","Violación simple",0,0,1,0,0,0,0,0,1,0,0,0,2
"687",2021,"Región Norte","Violencia de género en todas sus modalidades distinta a la violencia familiar",0,0,0,0,0,0,0,0,0,0,0,0,0
"688",2021,"Región Norte","Violencia familiar",1,8,9,5,9,8,6,4,5,7,6,5,73
"689",2021,"Región Sierra de Amula","Abuso sexual",3,2,6,6,4,4,6,4,2,8,6,6,57
"690",2021,"Región Sierra de Amula","Acoso sexual",0,0,0,1,1,1,0,0,1,2,1,2,9
"691",2021,"Región Sierra de Amula","Feminicidio",0,0,0,0,0,0,0,0,0,1,0,0,1
"692",2021,"Región Sierra de Amula","Hostigamiento sexual",0,0,0,1,0,0,0,0,0,0,0,0,1
"693",2021,"Región Sierra de Amula","Violación equiparada",0,0,0,0,0,0,0,0,0,0,0,0,0
"694",2021,"Región Sierra de Amula","Violación simple",0,1,1,1,2,0,1,0,1,3,3,1,14
"695",2021,"Región Sierra de Amula","Violencia de género en todas sus modalidades distinta a la violencia familiar",0,0,0,0,0,0,0,0,0,0,0,0,0
"696",2021,"Región Sierra de Amula","Violencia familiar",19,12,23,28,27,24,23,23,17,30,22,24,272
"697",2021,"Región Sur","Abuso sexual",10,3,9,3,6,5,7,3,8,11,7,7,79
"698",2021,"Región Sur","Acoso sexual",0,0,0,0,0,1,0,0,0,0,0,0,1
"699",2021,"Región Sur","Feminicidio",0,0,0,0,0,0,0,0,0,0,0,0,0
"700",2021,"Región Sur","Hostigamiento sexual",0,1,0,0,0,1,1,1,0,0,1,0,5
"701",2021,"Región Sur","Violación equiparada",0,0,0,0,0,0,0,0,0,0,0,0,0
"702",2021,"Región Sur","Violación simple",0,1,2,3,0,1,1,0,1,0,0,0,9
"703",2021,"Región Sur","Violencia de género en todas sus modalidades distinta a la violencia familiar",0,0,0,0,0,0,0,0,0,0,0,0,0
"704",2021,"Región Sur","Violencia familiar",21,23,23,18,15,22,12,18,16,23,16,16,223
"705",2021,"Región Sureste","Abuso sexual",2,4,4,5,0,7,1,3,5,4,3,3,41
"706",2021,"Región Sureste","Acoso sexual",0,0,1,1,0,0,0,2,0,0,1,0,5
"707",2021,"Región Sureste","Feminicidio",0,0,0,0,0,0,0,0,0,0,0,0,0
"708",2021,"Región Sureste","Hostigamiento sexual",0,0,0,0,0,0,0,0,0,0,0,0,0
"709",2021,"Región Sureste","Violación equiparada",0,0,0,0,0,0,0,0,0,0,0,0,0
"710",2021,"Región Sureste","Violación simple",0,0,0,2,1,1,0,1,3,0,2,0,10
"711",2021,"Región Sureste","Violencia de género en todas sus modalidades distinta a la violencia familiar",0,0,0,0,0,0,0,0,0,0,0,0,0
"712",2021,"Región Sureste","Violencia familiar",20,7,20,10,15,9,7,5,18,8,7,9,135
"713",2021,"Región Valles","Abuso sexual",4,3,13,9,8,8,6,7,3,5,5,10,81
"714",2021,"Región Valles","Acoso sexual",1,0,1,0,1,0,0,2,1,0,3,1,10
"715",2021,"Región Valles","Feminicidio",0,0,1,0,0,0,0,0,0,0,0,0,1
"716",2021,"Región Valles","Hostigamiento sexual",0,2,0,0,1,0,0,0,0,2,0,0,5
"717",2021,"Región Valles","Violación equiparada",0,0,0,0,0,0,0,0,0,0,0,0,0
"718",2021,"Región Valles","Violación simple",0,0,2,3,2,0,1,0,1,1,2,4,16
"719",2021,"Región Valles","Violencia de género en todas sus modalidades distinta a la violencia familiar",0,0,0,0,0,0,0,0,0,0,0,0,0
"720",2021,"Región Valles","Violencia familiar",31,27,34,41,23,42,33,47,31,35,44,32,420
"721",2021,NA,"Abuso sexual",0,2,3,1,1,0,0,0,1,1,0,1,10
"722",2021,NA,"Acoso sexual",0,0,1,0,0,0,0,0,0,0,0,0,1
"723",2021,NA,"Feminicidio",0,0,0,0,0,0,0,0,0,0,0,0,0
"724",2021,NA,"Hostigamiento sexual",0,0,0,0,0,0,0,0,0,0,0,0,0
"725",2021,NA,"Violación equiparada",0,0,0,0,0,0,0,0,0,0,0,0,0
"726",2021,NA,"Violación simple",0,1,2,0,0,0,0,1,0,0,0,0,4
"727",2021,NA,"Violencia de género en todas sus modalidades distinta a la violencia familiar",0,0,0,0,0,0,0,0,0,0,0,0,0
"728",2021,NA,"Violencia familiar",0,1,1,0,1,0,1,0,0,1,1,0,6
"729",2022,"Región Altos Norte","Abuso sexual",2,4,8,10,8,4,2,0,0,0,0,0,38
"730",2022,"Región Altos Norte","Acoso sexual",2,0,1,0,4,1,0,0,0,0,0,0,8
"731",2022,"Región Altos Norte","Feminicidio",0,0,1,0,0,0,0,0,0,0,0,0,1
"732",2022,"Región Altos Norte","Hostigamiento sexual",1,0,1,0,2,1,0,0,0,0,0,0,5
"733",2022,"Región Altos Norte","Violación equiparada",0,0,0,0,0,0,0,0,0,0,0,0,0
"734",2022,"Región Altos Norte","Violación simple",1,0,0,2,1,1,0,0,0,0,0,0,5
"735",2022,"Región Altos Norte","Violencia de género en todas sus modalidades distinta a la violencia familiar",0,0,0,0,0,0,0,0,0,0,0,0,0
"736",2022,"Región Altos Norte","Violencia familiar",30,34,52,62,48,56,31,0,0,0,0,0,313
"737",2022,"Región Altos Sur","Abuso sexual",4,5,15,12,5,9,9,0,0,0,0,0,59
"738",2022,"Región Altos Sur","Acoso sexual",1,2,3,0,1,2,0,0,0,0,0,0,9
"739",2022,"Región Altos Sur","Feminicidio",0,0,1,0,0,0,0,0,0,0,0,0,1
"740",2022,"Región Altos Sur","Hostigamiento sexual",0,0,0,0,0,1,0,0,0,0,0,0,1
"741",2022,"Región Altos Sur","Violación equiparada",0,0,0,0,0,0,0,0,0,0,0,0,0
"742",2022,"Región Altos Sur","Violación simple",0,0,1,1,3,1,2,0,0,0,0,0,8
"743",2022,"Región Altos Sur","Violencia de género en todas sus modalidades distinta a la violencia familiar",0,0,0,0,0,0,0,0,0,0,0,0,0
"744",2022,"Región Altos Sur","Violencia familiar",21,23,33,33,38,34,25,0,0,0,0,0,207
"745",2022,"Región Centro","Abuso sexual",107,137,170,171,162,146,191,0,0,0,0,0,1084
"746",2022,"Región Centro","Acoso sexual",5,18,21,34,27,19,19,0,0,0,0,0,143
"747",2022,"Región Centro","Feminicidio",1,2,1,1,2,0,0,0,0,0,0,0,7
"748",2022,"Región Centro","Hostigamiento sexual",4,1,6,2,10,2,4,0,0,0,0,0,29
"749",2022,"Región Centro","Violación equiparada",0,0,0,0,1,1,5,0,0,0,0,0,7
"750",2022,"Región Centro","Violación simple",21,32,38,33,40,20,20,0,0,0,0,0,204
"751",2022,"Región Centro","Violencia de género en todas sus modalidades distinta a la violencia familiar",0,0,0,0,0,0,0,0,0,0,0,0,0
"752",2022,"Región Centro","Violencia familiar",703,680,893,833,947,771,765,0,0,0,0,0,5592
"753",2022,"Región Ciénega","Abuso sexual",5,7,4,4,7,6,5,0,0,0,0,0,38
"754",2022,"Región Ciénega","Acoso sexual",0,0,0,0,3,0,1,0,0,0,0,0,4
"755",2022,"Región Ciénega","Feminicidio",0,0,0,0,0,1,0,0,0,0,0,0,1
"756",2022,"Región Ciénega","Hostigamiento sexual",0,0,0,0,0,0,0,0,0,0,0,0,0
"757",2022,"Región Ciénega","Violación equiparada",0,0,0,0,0,0,0,0,0,0,0,0,0
"758",2022,"Región Ciénega","Violación simple",0,0,1,0,1,1,0,0,0,0,0,0,3
"759",2022,"Región Ciénega","Violencia de género en todas sus modalidades distinta a la violencia familiar",0,0,0,0,0,0,0,0,0,0,0,0,0
"760",2022,"Región Ciénega","Violencia familiar",29,38,36,35,51,40,33,0,0,0,0,0,262
"761",2022,"Región Costa-Sierra Occidental","Abuso sexual",17,15,20,10,23,14,23,0,0,0,0,0,122
"762",2022,"Región Costa-Sierra Occidental","Acoso sexual",0,0,0,1,3,6,2,0,0,0,0,0,12
"763",2022,"Región Costa-Sierra Occidental","Feminicidio",1,0,0,0,1,0,0,0,0,0,0,0,2
"764",2022,"Región Costa-Sierra Occidental","Hostigamiento sexual",1,1,0,1,0,1,0,0,0,0,0,0,4
"765",2022,"Región Costa-Sierra Occidental","Violación equiparada",0,0,0,0,0,0,0,0,0,0,0,0,0
"766",2022,"Región Costa-Sierra Occidental","Violación simple",1,1,3,3,2,3,4,0,0,0,0,0,17
"767",2022,"Región Costa-Sierra Occidental","Violencia de género en todas sus modalidades distinta a la violencia familiar",0,0,0,0,0,0,0,0,0,0,0,0,0
"768",2022,"Región Costa-Sierra Occidental","Violencia familiar",39,42,54,46,71,56,54,0,0,0,0,0,362
"769",2022,"Región Costa Sur","Abuso sexual",2,5,5,7,5,9,5,0,0,0,0,0,38
"770",2022,"Región Costa Sur","Acoso sexual",0,1,0,1,0,0,0,0,0,0,0,0,2
"771",2022,"Región Costa Sur","Feminicidio",0,0,0,0,0,1,0,0,0,0,0,0,1
"772",2022,"Región Costa Sur","Hostigamiento sexual",0,0,0,0,0,0,0,0,0,0,0,0,0
"773",2022,"Región Costa Sur","Violación equiparada",0,0,0,0,0,0,0,0,0,0,0,0,0
"774",2022,"Región Costa Sur","Violación simple",1,0,1,0,0,0,0,0,0,0,0,0,2
"775",2022,"Región Costa Sur","Violencia de género en todas sus modalidades distinta a la violencia familiar",0,0,0,0,0,0,0,0,0,0,0,0,0
"776",2022,"Región Costa Sur","Violencia familiar",12,10,8,6,7,11,13,0,0,0,0,0,67
"777",2022,"Región Lagunas","Abuso sexual",2,3,5,8,8,9,3,0,0,0,0,0,38
"778",2022,"Región Lagunas","Acoso sexual",0,0,0,0,2,0,0,0,0,0,0,0,2
"779",2022,"Región Lagunas","Feminicidio",0,0,0,0,0,0,0,0,0,0,0,0,0
"780",2022,"Región Lagunas","Hostigamiento sexual",2,0,1,0,0,0,0,0,0,0,0,0,3
"781",2022,"Región Lagunas","Violación equiparada",0,0,0,0,0,0,0,0,0,0,0,0,0
"782",2022,"Región Lagunas","Violación simple",1,1,0,2,1,0,0,0,0,0,0,0,5
"783",2022,"Región Lagunas","Violencia de género en todas sus modalidades distinta a la violencia familiar",0,0,0,0,0,0,0,0,0,0,0,0,0
"784",2022,"Región Lagunas","Violencia familiar",15,14,27,21,19,18,14,0,0,0,0,0,128
"785",2022,"Región Norte","Abuso sexual",3,1,1,4,2,4,2,0,0,0,0,0,17
"786",2022,"Región Norte","Acoso sexual",0,0,1,1,0,0,0,0,0,0,0,0,2
"787",2022,"Región Norte","Feminicidio",3,0,0,0,0,0,0,0,0,0,0,0,3
"788",2022,"Región Norte","Hostigamiento sexual",1,0,0,0,0,0,1,0,0,0,0,0,2
"789",2022,"Región Norte","Violación equiparada",0,0,0,0,0,0,0,0,0,0,0,0,0
"790",2022,"Región Norte","Violación simple",0,0,0,0,0,0,3,0,0,0,0,0,3
"791",2022,"Región Norte","Violencia de género en todas sus modalidades distinta a la violencia familiar",0,0,0,0,0,0,0,0,0,0,0,0,0
"792",2022,"Región Norte","Violencia familiar",4,4,9,8,5,5,13,0,0,0,0,0,48
"793",2022,"Región Sierra de Amula","Abuso sexual",3,7,8,8,9,6,6,0,0,0,0,0,47
"794",2022,"Región Sierra de Amula","Acoso sexual",1,2,0,1,1,1,0,0,0,0,0,0,6
"795",2022,"Región Sierra de Amula","Feminicidio",0,0,0,0,0,0,0,0,0,0,0,0,0
"796",2022,"Región Sierra de Amula","Hostigamiento sexual",0,0,0,0,0,0,0,0,0,0,0,0,0
"797",2022,"Región Sierra de Amula","Violación equiparada",0,0,0,0,0,0,0,0,0,0,0,0,0
"798",2022,"Región Sierra de Amula","Violación simple",0,0,0,2,2,0,2,0,0,0,0,0,6
"799",2022,"Región Sierra de Amula","Violencia de género en todas sus modalidades distinta a la violencia familiar",0,0,0,0,0,0,0,0,0,0,0,0,0
"800",2022,"Región Sierra de Amula","Violencia familiar",18,18,27,37,19,31,19,0,0,0,0,0,169
"801",2022,"Región Sur","Abuso sexual",4,6,4,2,10,5,13,0,0,0,0,0,44
"802",2022,"Región Sur","Acoso sexual",0,0,0,0,2,0,0,0,0,0,0,0,2
"803",2022,"Región Sur","Feminicidio",0,1,0,0,0,0,0,0,0,0,0,0,1
"804",2022,"Región Sur","Hostigamiento sexual",0,0,0,0,0,0,0,0,0,0,0,0,0
"805",2022,"Región Sur","Violación equiparada",0,0,0,0,0,0,0,0,0,0,0,0,0
"806",2022,"Región Sur","Violación simple",0,1,0,1,1,1,1,0,0,0,0,0,5
"807",2022,"Región Sur","Violencia de género en todas sus modalidades distinta a la violencia familiar",0,0,0,0,0,0,0,0,0,0,0,0,0
"808",2022,"Región Sur","Violencia familiar",11,18,24,24,16,18,20,0,0,0,0,0,131
"809",2022,"Región Sureste","Abuso sexual",4,4,0,3,7,4,3,0,0,0,0,0,25
"810",2022,"Región Sureste","Acoso sexual",1,0,0,1,1,2,0,0,0,0,0,0,5
"811",2022,"Región Sureste","Feminicidio",0,0,0,0,0,0,0,0,0,0,0,0,0
"812",2022,"Región Sureste","Hostigamiento sexual",0,0,0,0,0,0,0,0,0,0,0,0,0
"813",2022,"Región Sureste","Violación equiparada",0,0,0,0,0,0,0,0,0,0,0,0,0
"814",2022,"Región Sureste","Violación simple",1,0,0,0,1,1,0,0,0,0,0,0,3
"815",2022,"Región Sureste","Violencia de género en todas sus modalidades distinta a la violencia familiar",0,0,0,0,0,0,0,0,0,0,0,0,0
"816",2022,"Región Sureste","Violencia familiar",6,5,13,14,13,3,10,0,0,0,0,0,64
"817",2022,"Región Valles","Abuso sexual",6,8,12,8,10,6,9,0,0,0,0,0,59
"818",2022,"Región Valles","Acoso sexual",1,1,3,1,0,3,0,0,0,0,0,0,9
"819",2022,"Región Valles","Feminicidio",0,0,0,0,0,0,0,0,0,0,0,0,0
"820",2022,"Región Valles","Hostigamiento sexual",0,0,0,0,0,0,0,0,0,0,0,0,0
"821",2022,"Región Valles","Violación equiparada",0,0,0,0,1,0,0,0,0,0,0,0,1
"822",2022,"Región Valles","Violación simple",0,2,1,1,1,0,0,0,0,0,0,0,5
"823",2022,"Región Valles","Violencia de género en todas sus modalidades distinta a la violencia familiar",0,0,0,0,0,0,0,0,0,0,0,0,0
"824",2022,"Región Valles","Violencia familiar",27,23,46,34,38,36,45,0,0,0,0,0,249
"825",2022,NA,"Abuso sexual",1,0,2,8,3,1,1,0,0,0,0,0,16
"826",2022,NA,"Acoso sexual",0,0,0,0,0,0,0,0,0,0,0,0,0
"827",2022,NA,"Feminicidio",0,0,0,0,0,0,0,0,0,0,0,0,0
"828",2022,NA,"Hostigamiento sexual",0,0,2,0,0,0,0,0,0,0,0,0,2
"829",2022,NA,"Violación equiparada",0,0,0,0,0,0,0,0,0,0,0,0,0
"830",2022,NA,"Violación simple",0,0,2,0,1,0,0,0,0,0,0,0,3
"831",2022,NA,"Violencia de género en todas sus modalidades distinta a la violencia familiar",0,0,0,0,0,0,0,0,0,0,0,0,0
"832",2022,NA,"Violencia familiar",0,0,0,0,0,0,0,0,0,0,0,0,0
